{
  "forget_qa_cos_sim": 0.5916636301150461,
  "holdout_qa_cos_sim": 0.9893799793720245
}