{
  "forget_qa_cos_sim": 0.7275542617307906,
  "holdout_qa_cos_sim": 0.9917019644975662
}