{
  "forget_qa_cos_sim": 0.5322790507582708,
  "holdout_qa_cos_sim": 0.9365723648965358
}