{
    "forget_qa_rouge": 0.3714038727524204,
    "holdout_qa_rouge": 0.9033333333333333
}