{
  "forget_qa_cos_sim": 0.33428154451793274,
  "holdout_qa_cos_sim": 0.801633815775874
}