{
    "forget_qa_rouge": 0.6814638094335905,
    "holdout_qa_rouge": 0.8697201351773916
}