{
  "forget_qa_cos_sim": 0.6373995462146538,
  "holdout_qa_cos_sim": 0.9533403059542179
}