{
  "forget_qa_cos_sim": 0.7879295327789556,
  "holdout_qa_cos_sim": 0.9449675231575966
}