{
    "forget_qa_rouge": 0.2925311203319502,
    "holdout_qa_rouge": 0.8998333333333334
}