{
  "forget_qa_cos_sim": 0.5929133093208693,
  "holdout_qa_cos_sim": 0.9744806314110755
}