{
  "forget_qa_cos_sim": 0.6479093859675514,
  "holdout_qa_cos_sim": 0.9681235086917878
}