{
    "forget_qa_rouge": 0.8931535269709544,
    "holdout_qa_rouge": 0.9708333333333332
}