{
    "forget_qa_rouge": 0.4328319502074689,
    "holdout_qa_rouge": 0.6443333333333332
}