{
  "forget_qa_cos_sim": 0.4443739125895395,
  "holdout_qa_cos_sim": 0.9943101543784142
}