{
  "forget_qa_cos_sim": 0.6753884901087809,
  "holdout_qa_cos_sim": 0.9966207281947136
}