{
    "utility_1k/": " ",
    "utility_arc_200/acc": 0.855,
    "utility_arc_200/acc_stderr": 0.024959766620478347,
    "utility_mmlu_pro_400/acc": 0.395,
    "utility_mmlu_pro_400/acc_stderr": 0.0244731452227279,
    "utility_truthfulqa_bin_200/acc": 0.665,
    "utility_truthfulqa_bin_200/acc_stderr": 0.033458517029435815,
    "utility_winogrande_200/acc": 0.665,
    "utility_winogrande_200/acc_stderr": 0.03345851702943581
}