{
  "forget_qa_cos_sim": 0.6076950032990504,
  "holdout_qa_cos_sim": 0.987535527229309
}