{
  "forget_qa_cos_sim": 0.6390355970369559,
  "holdout_qa_cos_sim": 0.841932775883131
}