{
    "forget_qa_rouge": 0.4684249581609777,
    "holdout_qa_rouge": 0.755842004251547
}