{
  "forget_qa_cos_sim": 0.7181574901357232,
  "holdout_qa_cos_sim": 0.9882073125839234
}