{
  "forget_qa_cos_sim": 0.6497850056563624,
  "holdout_qa_cos_sim": 0.9482224271389507
}