{
    "forget_qa_rouge": 0.6314702625921799,
    "holdout_qa_rouge": 0.9229438663832301
}