{
    "utility_1k/": " ",
    "utility_arc_200/acc": 0.78,
    "utility_arc_200/acc_stderr": 0.029365141882663294,
    "utility_mmlu_pro_400/acc": 0.3275,
    "utility_mmlu_pro_400/acc_stderr": 0.02349445356612768,
    "utility_truthfulqa_bin_200/acc": 0.585,
    "utility_truthfulqa_bin_200/acc_stderr": 0.0349281387189735,
    "utility_winogrande_200/acc": 0.615,
    "utility_winogrande_200/acc_stderr": 0.03449382728261698
}