{
  "forget_qa_cos_sim": 0.6892245265334473,
  "holdout_qa_cos_sim": 0.9583108551502227
}