{
    "forget_qa_rouge": 0.8784232365145228,
    "holdout_qa_rouge": 0.9598333333333333
}