{
    "utility_1k/": " ",
    "utility_arc_200/acc": 0.87,
    "utility_arc_200/acc_stderr": 0.023839918383725917,
    "utility_mmlu_pro_400/acc": 0.3525,
    "utility_mmlu_pro_400/acc_stderr": 0.02391734671079157,
    "utility_truthfulqa_bin_200/acc": 0.71,
    "utility_truthfulqa_bin_200/acc_stderr": 0.03216633903375033,
    "utility_winogrande_200/acc": 0.67,
    "utility_winogrande_200/acc_stderr": 0.03333249580187341
}