{
  "forget_qa_cos_sim": 0.7823867352439778,
  "holdout_qa_cos_sim": 0.9492996449172497
}