{
    "forget_qa_rouge": 0.4362724757952974,
    "holdout_qa_rouge": 0.9116666666666667
}