{
  "forget_qa_cos_sim": 0.9238886656510138,
  "holdout_qa_cos_sim": 0.9547217887341977
}