{
  "forget_qa_cos_sim": 0.495534806330669,
  "holdout_qa_cos_sim": 0.540790465414524
}