{
    "forget_qa_rouge": 0.9284232365145229,
    "holdout_qa_rouge": 0.9676666666666667
}