{
    "utility_1k/": " ",
    "utility_arc_200/acc": 0.675,
    "utility_arc_200/acc_stderr": 0.03320221279784481,
    "utility_mmlu_pro_400/acc": 0.2575,
    "utility_mmlu_pro_400/acc_stderr": 0.021890233685985718,
    "utility_truthfulqa_bin_200/acc": 0.565,
    "utility_truthfulqa_bin_200/acc_stderr": 0.03514328173714407,
    "utility_winogrande_200/acc": 0.635,
    "utility_winogrande_200/acc_stderr": 0.03412767927155774
}