{
    "utility_1k/": " ",
    "utility_arc_200/acc": 0.74,
    "utility_arc_200/acc_stderr": 0.031093957143700262,
    "utility_mmlu_pro_400/acc": 0.2725,
    "utility_mmlu_pro_400/acc_stderr": 0.022290166077429743,
    "utility_truthfulqa_bin_200/acc": 0.73,
    "utility_truthfulqa_bin_200/acc_stderr": 0.031471451528433385,
    "utility_winogrande_200/acc": 0.61,
    "utility_winogrande_200/acc_stderr": 0.034575676232500116
}