{
  "forget_qa_cos_sim": 0.8122792645237753,
  "holdout_qa_cos_sim": 0.9414627347290516
}