{
  "forget_qa_cos_sim": 0.4749640032675566,
  "holdout_qa_cos_sim": 0.9556238470848508
}