{
    "forget_qa_rouge": 0.1983774879745703,
    "holdout_qa_rouge": 0.9266608143347705
}