{
  "forget_qa_cos_sim": 0.6444650010449263,
  "holdout_qa_cos_sim": 0.9817729349136353
}