{
    "forget_qa_rouge": 0.548893499308437,
    "holdout_qa_rouge": 0.9736666666666668
}