{
  "forget_qa_cos_sim": 0.6015696698390102,
  "holdout_qa_cos_sim": 0.958165733397007
}