{
    "forget_qa_rouge": 0.48661825726141084,
    "holdout_qa_rouge": 0.9398333333333334
}