{
  "forget_qa_cos_sim": 0.4414016458039709,
  "holdout_qa_cos_sim": 0.9409896825551987
}