{
    "forget_qa_rouge": 0.07261410788381743,
    "holdout_qa_rouge": 0.9051666666666667
}