{
  "forget_qa_cos_sim": 0.5251205899594236,
  "holdout_qa_cos_sim": 0.971307138606906
}