{
    "forget_qa_rouge": 0.07866528354080221,
    "holdout_qa_rouge": 0.9486666666666667
}