{
  "forget_qa_cos_sim": 0.7511826028344047,
  "holdout_qa_cos_sim": 0.926080903917551
}