{
  "forget_qa_cos_sim": 0.6562684051810236,
  "holdout_qa_cos_sim": 0.8314052678169317
}