{
    "forget_qa_rouge": 0.5203140294925637,
    "holdout_qa_rouge": 0.7508899704227736
}