{
  "forget_qa_cos_sim": 0.8146436122230236,
  "holdout_qa_cos_sim": 0.8752855899862065
}