{
    "forget_qa_rouge": 0.7134420922368125,
    "holdout_qa_rouge": 0.7959096790110706
}