{
  "forget_qa_cos_sim": 0.7022401642255268,
  "holdout_qa_cos_sim": 0.9941650170683861
}