{
    "utility_1k/": " ",
    "utility_arc_200/acc": 0.81,
    "utility_arc_200/acc_stderr": 0.027809473820460097,
    "utility_mmlu_pro_400/acc": 0.335,
    "utility_mmlu_pro_400/acc_stderr": 0.023629078131262988,
    "utility_truthfulqa_bin_200/acc": 0.68,
    "utility_truthfulqa_bin_200/acc_stderr": 0.03306761764450863,
    "utility_winogrande_200/acc": 0.61,
    "utility_winogrande_200/acc_stderr": 0.03457567623250012
}