{
  "forget_qa_cos_sim": 0.7680325348904024,
  "holdout_qa_cos_sim": 0.9156493296921253
}