{
    "utility_1k/": " ",
    "utility_arc_200/acc": 0.855,
    "utility_arc_200/acc_stderr": 0.02495976662047835,
    "utility_mmlu_pro_400/acc": 0.395,
    "utility_mmlu_pro_400/acc_stderr": 0.0244731452227279,
    "utility_truthfulqa_bin_200/acc": 0.73,
    "utility_truthfulqa_bin_200/acc_stderr": 0.031471451528433385,
    "utility_winogrande_200/acc": 0.65,
    "utility_winogrande_200/acc_stderr": 0.0338114785302567
}