{
  "forget_qa_cos_sim": 0.4936485277781908,
  "holdout_qa_cos_sim": 0.9525227774228828
}