{
    "forget_qa_rouge": 0.23459951823098746,
    "holdout_qa_rouge": 0.9219251590026938
}