{
  "forget_qa_cos_sim": 0.9477072547332874,
  "holdout_qa_cos_sim": 0.9573321173787117
}