{
  "forget_qa_cos_sim": 0.4093566934913578,
  "holdout_qa_cos_sim": 0.371101839547415
}