{
    "forget_qa_rouge": 0.8782945191507193,
    "holdout_qa_rouge": 0.9022831266370033
}