{
  "forget_qa_cos_sim": 0.7670069982092905,
  "holdout_qa_cos_sim": 0.9131570069342851
}