{
  "forget_qa_cos_sim": 0.3436409491829234,
  "holdout_qa_cos_sim": 0.913034114703536
}