{
  "forget_qa_cos_sim": 0.4870008751510611,
  "holdout_qa_cos_sim": 0.9519094022934506
}