{
    "forget_qa_rouge": 0.22848906621918083,
    "holdout_qa_rouge": 0.9223240642723743
}