{
  "forget_qa_cos_sim": 0.5114594617772481,
  "holdout_qa_cos_sim": 0.9603447544159724
}