{
    "forget_qa_rouge": 0.6132096908147621,
    "holdout_qa_rouge": 0.9487040240519365
}