{
  "forget_qa_cos_sim": 0.8918651956987579,
  "holdout_qa_cos_sim": 0.9542090684324503
}