{
  "forget_qa_cos_sim": 0.6292192183929608,
  "holdout_qa_cos_sim": 0.9831425224542618
}