{
  "forget_qa_cos_sim": 0.7350584902023873,
  "holdout_qa_cos_sim": 0.9605701855421066
}