{
    "forget_qa_rouge": 0.8483056708160442,
    "holdout_qa_rouge": 0.9626666666666668
}