{
  "forget_qa_cos_sim": 0.726808929452634,
  "holdout_qa_cos_sim": 0.9251999289095402
}