{
    "forget_qa_rouge": 0.8630013831258644,
    "holdout_qa_rouge": 0.9511666666666667
}