{
  "forget_qa_cos_sim": 0.6715048134976156,
  "holdout_qa_cos_sim": 0.8874578591734171
}