{
  "forget_qa_cos_sim": 0.8844811945875404,
  "holdout_qa_cos_sim": 0.9247931275367737
}