{
  "forget_qa_cos_sim": 0.6966832978225842,
  "holdout_qa_cos_sim": 0.9880156981945037
}