{
  "forget_qa_cos_sim": 0.6187612106753088,
  "holdout_qa_cos_sim": 0.6286543678566814
}