{
  "forget_qa_cos_sim": 0.668460806808531,
  "holdout_qa_cos_sim": 0.49443822624534367
}