{
  "forget_qa_cos_sim": 0.760023082904054,
  "holdout_qa_cos_sim": 0.8049037128835916
}