{
  "forget_qa_cos_sim": 0.7390581510914683,
  "holdout_qa_cos_sim": 0.9960450917482376
}