{
  "forget_qa_cos_sim": 0.6834610629193021,
  "holdout_qa_cos_sim": 0.9756251464188099
}