{
    "utility_1k/": " ",
    "utility_arc_200/acc": 0.85,
    "utility_arc_200/acc_stderr": 0.02531212194953126,
    "utility_mmlu_pro_400/acc": 0.35,
    "utility_mmlu_pro_400/acc_stderr": 0.023878346647046002,
    "utility_truthfulqa_bin_200/acc": 0.745,
    "utility_truthfulqa_bin_200/acc_stderr": 0.030897382432918608,
    "utility_winogrande_200/acc": 0.66,
    "utility_winogrande_200/acc_stderr": 0.03358032446172574
}