{
  "forget_qa_cos_sim": 0.7622286434077987,
  "holdout_qa_cos_sim": 0.9155903973465339
}