{
    "forget_qa_rouge": 0.6459809728305733,
    "holdout_qa_rouge": 0.8717983584782789
}