{
  "forget_qa_cos_sim": 0.5645419370800381,
  "holdout_qa_cos_sim": 0.9869114545583725
}