{
  "forget_qa_cos_sim": 0.5925871411114313,
  "holdout_qa_cos_sim": 0.9929244756102562
}