{
  "forget_qa_cos_sim": 0.680832629737394,
  "holdout_qa_cos_sim": 0.9655658025741577
}