{
  "forget_qa_cos_sim": 0.7552581387977754,
  "holdout_qa_cos_sim": 0.9861865149140358
}