{
  "forget_qa_cos_sim": 0.46658091828095655,
  "holdout_qa_cos_sim": 0.9967255296707154
}