{
  "forget_qa_cos_sim": 0.09606901334629575,
  "holdout_qa_cos_sim": 0.07782188654318452
}