{
  "forget_qa_cos_sim": 0.6986057292128994,
  "holdout_qa_cos_sim": 0.98187871286273
}