{
  "forget_qa_cos_sim": 0.6631420656528587,
  "holdout_qa_cos_sim": 0.9354452124238014
}