{
    "forget_qa_rouge": 0.2928423236514523,
    "holdout_qa_rouge": 0.8883333333333333
}