{
  "forget_qa_cos_sim": 0.8003590341765604,
  "holdout_qa_cos_sim": 0.9436043873429298
}