{
  "forget_qa_cos_sim": 0.6465592555531698,
  "holdout_qa_cos_sim": 0.9961851194500924
}