{
  "forget_qa_cos_sim": 0.788288902537704,
  "holdout_qa_cos_sim": 0.9409233567491174
}