{
    "forget_qa_rouge": 0.9018845089903181,
    "holdout_qa_rouge": 0.9601666666666667
}