{
    "utility_1k/": " ",
    "utility_arc_200/acc": 0.81,
    "utility_arc_200/acc_stderr": 0.027809473820460114,
    "utility_mmlu_pro_400/acc": 0.3125,
    "utility_mmlu_pro_400/acc_stderr": 0.023204644228784484,
    "utility_truthfulqa_bin_200/acc": 0.66,
    "utility_truthfulqa_bin_200/acc_stderr": 0.03358032446172574,
    "utility_winogrande_200/acc": 0.675,
    "utility_winogrande_200/acc_stderr": 0.0332022127978448
}