{
  "forget_qa_cos_sim": 0.5755447905155139,
  "holdout_qa_cos_sim": 0.9539867185354233
}