{
    "forget_qa_rouge": 0.8978215767634855,
    "holdout_qa_rouge": 0.9738333333333332
}