{
  "forget_qa_cos_sim": 0.8488155809768255,
  "holdout_qa_cos_sim": 0.9593027525544167
}