{
    "forget_qa_rouge": 0.5473201936376211,
    "holdout_qa_rouge": 0.9311666666666667
}