{
  "forget_qa_cos_sim": 0.9435264781983067,
  "holdout_qa_cos_sim": 0.9709973198771477
}