{
  "forget_qa_cos_sim": 0.616421902173535,
  "holdout_qa_cos_sim": 0.9959526835680008
}