{
    "forget_qa_rouge": 0.49979253112033195,
    "holdout_qa_rouge": 0.9961666666666668
}