{
  "forget_qa_cos_sim": 0.6019536639830384,
  "holdout_qa_cos_sim": 0.9173371277749538
}