{
    "forget_qa_rouge": 0.91701244813278,
    "holdout_qa_rouge": 0.9386666666666668
}