{
  "forget_qa_cos_sim": 0.7260297580904238,
  "holdout_qa_cos_sim": 0.9062808825522661
}