{
    "forget_qa_rouge": 0.9154564315352697,
    "holdout_qa_rouge": 0.9626666666666668
}