{
  "forget_qa_cos_sim": 0.6424564843634105,
  "holdout_qa_cos_sim": 0.957738502472639
}