{
  "forget_qa_cos_sim": 0.6444171259790288,
  "holdout_qa_cos_sim": 0.9950703221857548
}