{
    "forget_qa_rouge": 0.5267461964038728,
    "holdout_qa_rouge": 0.9953333333333333
}