{
    "forget_qa_rouge": 0.7633471645919778,
    "holdout_qa_rouge": 0.9491666666666667
}