{
  "forget_qa_cos_sim": 0.8111521595030158,
  "holdout_qa_cos_sim": 0.9835037260651588
}