{
  "forget_qa_cos_sim": 0.26648910724716124,
  "holdout_qa_cos_sim": 0.913648162550178
}