{
    "forget_qa_rouge": 0.3952938054188488,
    "holdout_qa_rouge": 0.9068449332862851
}