{
  "forget_qa_cos_sim": 0.6734513588270387,
  "holdout_qa_cos_sim": 0.8508142726218132
}