{
    "forget_qa_rouge": 0.5009435394985933,
    "holdout_qa_rouge": 0.7640394286517546
}