{
  "forget_qa_cos_sim": 0.6051851006309769,
  "holdout_qa_cos_sim": 0.5795390144735575
}