{
    "forget_qa_rouge": 0.8682918395573997,
    "holdout_qa_rouge": 0.9446666666666668
}