{
  "forget_qa_cos_sim": 0.844816297138133,
  "holdout_qa_cos_sim": 0.961940694898367
}