{
    "forget_qa_rouge": 0.7891078838174275,
    "holdout_qa_rouge": 0.9446666666666668
}