{
    "utility_1k/": " ",
    "utility_arc_200/acc": 0.85,
    "utility_arc_200/acc_stderr": 0.02531212194953126,
    "utility_mmlu_pro_400/acc": 0.3825,
    "utility_mmlu_pro_400/acc_stderr": 0.024330316186072943,
    "utility_truthfulqa_bin_200/acc": 0.715,
    "utility_truthfulqa_bin_200/acc_stderr": 0.03199992148231578,
    "utility_winogrande_200/acc": 0.69,
    "utility_winogrande_200/acc_stderr": 0.032785276754349606
}