{
  "forget_qa_cos_sim": 0.6157740802782645,
  "holdout_qa_cos_sim": 0.9739699045160155
}