{
    "forget_qa_rouge": 0.39673698228752063,
    "holdout_qa_rouge": 0.9572048230099921
}