{
  "forget_qa_cos_sim": 0.6920916165159513,
  "holdout_qa_cos_sim": 0.7626192875802517
}