{
  "forget_qa_cos_sim": 0.5413803163127533,
  "holdout_qa_cos_sim": 0.9922296041250229
}