{
  "forget_qa_cos_sim": 0.7715986564260795,
  "holdout_qa_cos_sim": 0.9446903384923935
}