{
    "forget_qa_rouge": 0.12911479944674967,
    "holdout_qa_rouge": 0.9863333333333333
}