{
  "forget_qa_cos_sim": 0.9522799209564059,
  "holdout_qa_cos_sim": 0.9611481194794178
}