{
  "forget_qa_cos_sim": 0.7810504832517556,
  "holdout_qa_cos_sim": 0.8586425096392631
}