{
    "forget_qa_rouge": 0.95798755186722,
    "holdout_qa_rouge": 0.9648333333333332
}