{
  "forget_qa_cos_sim": 0.8187144854071229,
  "holdout_qa_cos_sim": 0.9475165658593178
}