{
  "forget_qa_cos_sim": 0.6741596510579725,
  "holdout_qa_cos_sim": 0.9742447639107704
}