{
  "forget_qa_cos_sim": 0.6044524118798897,
  "holdout_qa_cos_sim": 0.993534049153328
}