{
    "forget_qa_rouge": 0.2078146611341632,
    "holdout_qa_rouge": 0.9903333333333333
}