{
  "forget_qa_cos_sim": 0.08505748742049447,
  "holdout_qa_cos_sim": 0.9725172982712578
}