{
    "forget_qa_rouge": 0.016994161332473244,
    "holdout_qa_rouge": 0.9638646476121625
}