{
  "forget_qa_cos_sim": 0.5098246766478441,
  "holdout_qa_cos_sim": 0.5356795736402273
}