{
  "forget_qa_cos_sim": 0.6754387732270595,
  "holdout_qa_cos_sim": 0.9988261522054672
}