{
  "forget_qa_cos_sim": 0.6354144833116363,
  "holdout_qa_cos_sim": 0.950134646743536
}