{
  "forget_qa_cos_sim": 0.49760635810830783,
  "holdout_qa_cos_sim": 0.9375501180589199
}