{
  "forget_qa_cos_sim": 0.5613820221182345,
  "holdout_qa_cos_sim": 0.9224936425685882
}