{
    "forget_qa_rouge": 0.6642634854771784,
    "holdout_qa_rouge": 0.9213333333333332
}