{
  "forget_qa_cos_sim": 0.6657277050134689,
  "holdout_qa_cos_sim": 0.9434291301135256
}