{
    "forget_qa_rouge": 0.4886686920813354,
    "holdout_qa_rouge": 0.9113556754709835
}