{
    "utility_1k/": " ",
    "utility_arc_200/acc": 0.86,
    "utility_arc_200/acc_stderr": 0.024597258498217676,
    "utility_mmlu_pro_400/acc": 0.4025,
    "utility_mmlu_pro_400/acc_stderr": 0.024550788746396227,
    "utility_truthfulqa_bin_200/acc": 0.68,
    "utility_truthfulqa_bin_200/acc_stderr": 0.03306761764450865,
    "utility_winogrande_200/acc": 0.645,
    "utility_winogrande_200/acc_stderr": 0.033920910080708536
}