{
  "forget_qa_cos_sim": 0.820233647738626,
  "holdout_qa_cos_sim": 0.9723372329473495
}