{
  "forget_qa_cos_sim": 0.5908522542854613,
  "holdout_qa_cos_sim": 0.8737890870217284
}