{
    "forget_qa_rouge": 0.3990986378447302,
    "holdout_qa_rouge": 0.8049142375186112
}