{
  "forget_qa_cos_sim": 0.6665364062854116,
  "holdout_qa_cos_sim": 0.9948858827650547
}