{
  "forget_qa_cos_sim": 0.12804956955656657,
  "holdout_qa_cos_sim": 0.9116588722757581
}