{
    "forget_qa_rouge": 0.028219950710398782,
    "holdout_qa_rouge": 0.8763360672903417
}