{
  "forget_qa_cos_sim": 0.7996914727126414,
  "holdout_qa_cos_sim": 0.8819442021846772
}