{
  "forget_qa_cos_sim": 0.736863240908785,
  "holdout_qa_cos_sim": 0.9774497531950473
}