{
    "utility_1k/": " ",
    "utility_arc_200/acc": 0.7,
    "utility_arc_200/acc_stderr": 0.03248501780682212,
    "utility_mmlu_pro_400/acc": 0.2475,
    "utility_mmlu_pro_400/acc_stderr": 0.021605006729678956,
    "utility_truthfulqa_bin_200/acc": 0.525,
    "utility_truthfulqa_bin_200/acc_stderr": 0.0353997274497642,
    "utility_winogrande_200/acc": 0.56,
    "utility_winogrande_200/acc_stderr": 0.03518793763172072
}