{
  "forget_qa_cos_sim": 0.7673150592819784,
  "holdout_qa_cos_sim": 0.7971592287123204
}