{
  "forget_qa_cos_sim": 0.6619647684897377,
  "holdout_qa_cos_sim": 0.9441484419703483
}