{
    "forget_qa_rouge": 0.8643326417704011,
    "holdout_qa_rouge": 0.9588333333333334
}