{
  "forget_qa_cos_sim": 0.9087359845576445,
  "holdout_qa_cos_sim": 0.9672541417479515
}