{
  "forget_qa_cos_sim": 0.697333303326757,
  "holdout_qa_cos_sim": 0.8318839265739206
}