{
    "forget_qa_rouge": 0.5738833153647326,
    "holdout_qa_rouge": 0.747432934858382
}