{
  "forget_qa_cos_sim": 0.5580240512320856,
  "holdout_qa_cos_sim": 0.9630020824968815
}