{
    "forget_qa_rouge": 0.4169778699861687,
    "holdout_qa_rouge": 0.9448333333333333
}