{
  "forget_qa_cos_sim": 0.6054528297709603,
  "holdout_qa_cos_sim": 0.5458342031165957
}