{
  "forget_qa_cos_sim": 0.6015800387749286,
  "holdout_qa_cos_sim": 0.961820537507534
}