{
  "forget_qa_cos_sim": 0.546344723009516,
  "holdout_qa_cos_sim": 0.9915124492049218
}