{
    "forget_qa_rouge": 0.4170643153526971,
    "holdout_qa_rouge": 0.9883333333333333
}