{
  "forget_qa_cos_sim": 0.8842483915048516,
  "holdout_qa_cos_sim": 0.8875956765711307
}