{
    "forget_qa_rouge": 0.9107883817427386,
    "holdout_qa_rouge": 0.9496666666666667
}