{
  "forget_qa_cos_sim": 0.7045457348526404,
  "holdout_qa_cos_sim": 0.9637933292182271
}