{
    "forget_qa_rouge": 0.5424014621479019,
    "holdout_qa_rouge": 0.9395787611990395
}