{
  "forget_qa_cos_sim": 0.813866281027894,
  "holdout_qa_cos_sim": 0.9909905595779419
}