{
    "forget_qa_rouge": 0.4828665283540802,
    "holdout_qa_rouge": 0.9843333333333334
}