{
    "utility_1k/": " ",
    "utility_arc_200/acc": 0.855,
    "utility_arc_200/acc_stderr": 0.024959766620478333,
    "utility_mmlu_pro_400/acc": 0.39,
    "utility_mmlu_pro_400/acc_stderr": 0.02441803844504637,
    "utility_truthfulqa_bin_200/acc": 0.68,
    "utility_truthfulqa_bin_200/acc_stderr": 0.03306761764450864,
    "utility_winogrande_200/acc": 0.67,
    "utility_winogrande_200/acc_stderr": 0.033332495801873405
}