{
  "forget_qa_cos_sim": 0.6637675757442613,
  "holdout_qa_cos_sim": 0.8756487096846104
}