{
  "forget_qa_cos_sim": 0.6848630236299453,
  "holdout_qa_cos_sim": 0.9807239014208317
}