{
  "forget_qa_cos_sim": 0.6444491599357969,
  "holdout_qa_cos_sim": 0.9931417816877365
}