{
    "utility_1k/": " ",
    "utility_arc_200/acc": 0.715,
    "utility_arc_200/acc_stderr": 0.03199992148231578,
    "utility_mmlu_pro_400/acc": 0.255,
    "utility_mmlu_pro_400/acc_stderr": 0.021820353332356292,
    "utility_truthfulqa_bin_200/acc": 0.56,
    "utility_truthfulqa_bin_200/acc_stderr": 0.03518793763172072,
    "utility_winogrande_200/acc": 0.58,
    "utility_winogrande_200/acc_stderr": 0.0349874349304872
}