{
  "forget_qa_cos_sim": 0.6378701129946347,
  "holdout_qa_cos_sim": 0.8528892130889073
}