{
    "forget_qa_rouge": 0.42611074522328424,
    "holdout_qa_rouge": 0.7604068231304811
}