{
  "forget_qa_cos_sim": 0.7736384557614188,
  "holdout_qa_cos_sim": 0.9514525330364704
}