{
    "forget_qa_rouge": 0.6660096818810511,
    "holdout_qa_rouge": 0.9196666666666667
}