{
  "forget_qa_cos_sim": 0.6758754613348964,
  "holdout_qa_cos_sim": 0.8918446891236032
}