{
    "forget_qa_rouge": 0.524840011788605,
    "holdout_qa_rouge": 0.8587242059906075
}