{
  "forget_qa_cos_sim": 0.6394221853596231,
  "holdout_qa_cos_sim": 0.9656061580479145
}