{
    "forget_qa_rouge": 0.8848547717842323,
    "holdout_qa_rouge": 0.9713333333333333
}