{
  "forget_qa_cos_sim": 0.6712332150524026,
  "holdout_qa_cos_sim": 0.963282950937748
}