{
    "utility_1k/": " ",
    "utility_arc_200/acc": 0.83,
    "utility_arc_200/acc_stderr": 0.02662790314934043,
    "utility_mmlu_pro_400/acc": 0.3625,
    "utility_mmlu_pro_400/acc_stderr": 0.024066207238097725,
    "utility_truthfulqa_bin_200/acc": 0.705,
    "utility_truthfulqa_bin_200/acc_stderr": 0.032328014206142675,
    "utility_winogrande_200/acc": 0.685,
    "utility_winogrande_200/acc_stderr": 0.0329286574644649
}