{
  "forget_qa_cos_sim": 0.8126728425876728,
  "holdout_qa_cos_sim": 0.984648337006569
}