{
    "utility_1k/": " ",
    "utility_arc_200/acc": 0.84,
    "utility_arc_200/acc_stderr": 0.025988014245457703,
    "utility_mmlu_pro_400/acc": 0.3625,
    "utility_mmlu_pro_400/acc_stderr": 0.02406620723809773,
    "utility_truthfulqa_bin_200/acc": 0.63,
    "utility_truthfulqa_bin_200/acc_stderr": 0.0342250899767933,
    "utility_winogrande_200/acc": 0.625,
    "utility_winogrande_200/acc_stderr": 0.03431856376795913
}