{
  "forget_qa_cos_sim": 0.8976471485315022,
  "holdout_qa_cos_sim": 0.8766143647432327
}