{
  "forget_qa_cos_sim": 0.6148990671386115,
  "holdout_qa_cos_sim": 0.9913445864915847
}