{
    "forget_qa_rouge": 0.22865663900414937,
    "holdout_qa_rouge": 0.9853333333333333
}