{
  "forget_qa_cos_sim": 0.696289911866188,
  "holdout_qa_cos_sim": 0.9676624110341072
}