{
    "forget_qa_rouge": 0.3795124481327801,
    "holdout_qa_rouge": 0.9481666666666667
}