{
    "utility_1k/": " ",
    "utility_arc_200/acc": 0.84,
    "utility_arc_200/acc_stderr": 0.025988014245457703,
    "utility_mmlu_pro_400/acc": 0.395,
    "utility_mmlu_pro_400/acc_stderr": 0.0244731452227279,
    "utility_truthfulqa_bin_200/acc": 0.685,
    "utility_truthfulqa_bin_200/acc_stderr": 0.032928657464464904,
    "utility_winogrande_200/acc": 0.67,
    "utility_winogrande_200/acc_stderr": 0.033332495801873405
}