{
  "forget_qa_cos_sim": 0.6988253080521815,
  "holdout_qa_cos_sim": 0.9865516716241837
}