{
    "forget_qa_rouge": 0.33979944674965423,
    "holdout_qa_rouge": 0.9796666666666668
}