{
  "forget_qa_cos_sim": 0.5736906634137091,
  "holdout_qa_cos_sim": 0.9700528180670043
}