{
    "forget_qa_rouge": 0.3352130569827687,
    "holdout_qa_rouge": 0.951942457807269
}