{
  "forget_qa_cos_sim": 0.6709622367598209,
  "holdout_qa_cos_sim": 0.852722894564271
}