{
    "forget_qa_rouge": 0.9305843706777317,
    "holdout_qa_rouge": 0.9633333333333333
}