{
  "forget_qa_cos_sim": 0.8146288463232515,
  "holdout_qa_cos_sim": 0.8782477342139356
}