{
    "forget_qa_rouge": 0.7160058131055004,
    "holdout_qa_rouge": 0.8033774983576176
}