{
  "forget_qa_cos_sim": 0.8453363759821876,
  "holdout_qa_cos_sim": 0.9575111098587513
}