{
    "forget_qa_rouge": 0.5749917299326816,
    "holdout_qa_rouge": 0.9162559276376373
}