{
    "utility_1k/": " ",
    "utility_arc_200/acc": 0.835,
    "utility_arc_200/acc_stderr": 0.02631229148928474,
    "utility_mmlu_pro_400/acc": 0.3525,
    "utility_mmlu_pro_400/acc_stderr": 0.02391734671079157,
    "utility_truthfulqa_bin_200/acc": 0.72,
    "utility_truthfulqa_bin_200/acc_stderr": 0.031828687164775826,
    "utility_winogrande_200/acc": 0.65,
    "utility_winogrande_200/acc_stderr": 0.0338114785302567
}