{
    "forget_qa_rouge": 0.22736462526320114,
    "holdout_qa_rouge": 0.971928601550868
}