{
  "forget_qa_cos_sim": 0.6395151109523546,
  "holdout_qa_cos_sim": 0.6041104869320989
}