{
  "forget_qa_cos_sim": 0.6672354402383828,
  "holdout_qa_cos_sim": 0.9970379803180695
}