{
  "forget_qa_cos_sim": 0.5464102656901731,
  "holdout_qa_cos_sim": 0.925335673672229
}