{
    "forget_qa_rouge": 0.28768342633399946,
    "holdout_qa_rouge": 0.8798023547029511
}