{
  "forget_qa_cos_sim": 0.7732390365659944,
  "holdout_qa_cos_sim": 0.8951095914393663
}