{
    "forget_qa_rouge": 0.9553941908713693,
    "holdout_qa_rouge": 0.9648333333333332
}