{
    "utility_1k/": " ",
    "utility_arc_200/acc": 0.455,
    "utility_arc_200/acc_stderr": 0.03530021993753286,
    "utility_mmlu_pro_400/acc": 0.195,
    "utility_mmlu_pro_400/acc_stderr": 0.019834844406538113,
    "utility_truthfulqa_bin_200/acc": 0.65,
    "utility_truthfulqa_bin_200/acc_stderr": 0.0338114785302567,
    "utility_winogrande_200/acc": 0.59,
    "utility_winogrande_200/acc_stderr": 0.03486513859784927
}