{
  "forget_qa_cos_sim": 0.7043891017676883,
  "holdout_qa_cos_sim": 0.9818245138525963
}