{
    "forget_qa_rouge": 0.6118257261410788,
    "holdout_qa_rouge": 0.9723333333333333
}