{
  "forget_qa_cos_sim": 0.9531829441855063,
  "holdout_qa_cos_sim": 0.962335776925087
}