{
    "forget_qa_rouge": 0.9279737206085753,
    "holdout_qa_rouge": 0.9498333333333333
}