{
  "forget_qa_cos_sim": 0.23521956683017803,
  "holdout_qa_cos_sim": 0.9133193370519711
}