{
    "forget_qa_rouge": 0.08108801005640186,
    "holdout_qa_rouge": 0.8740565266410197
}