{
  "forget_qa_cos_sim": 0.7018954794107962,
  "holdout_qa_cos_sim": 0.8503562412244067
}