{
    "forget_qa_rouge": 0.5459975505564252,
    "holdout_qa_rouge": 0.7571655205850036
}