{
    "utility_1k/": " ",
    "utility_arc_200/acc": 0.79,
    "utility_arc_200/acc_stderr": 0.028873315391699354,
    "utility_mmlu_pro_400/acc": 0.3225,
    "utility_mmlu_pro_400/acc_stderr": 0.02340092697861871,
    "utility_truthfulqa_bin_200/acc": 0.6,
    "utility_truthfulqa_bin_200/acc_stderr": 0.0347279448103939,
    "utility_winogrande_200/acc": 0.61,
    "utility_winogrande_200/acc_stderr": 0.03457567623250011
}