{
    "utility_1k/": " ",
    "utility_arc_200/acc": 0.705,
    "utility_arc_200/acc_stderr": 0.032328014206142675,
    "utility_mmlu_pro_400/acc": 0.235,
    "utility_mmlu_pro_400/acc_stderr": 0.021226490755054984,
    "utility_truthfulqa_bin_200/acc": 0.545,
    "utility_truthfulqa_bin_200/acc_stderr": 0.03530021993753286,
    "utility_winogrande_200/acc": 0.56,
    "utility_winogrande_200/acc_stderr": 0.03518793763172071
}