{
  "forget_qa_cos_sim": 0.6267562853133777,
  "holdout_qa_cos_sim": 0.9955828996896744
}