{
    "forget_qa_rouge": 0.5105117565698478,
    "holdout_qa_rouge": 0.9936666666666667
}