{
  "forget_qa_cos_sim": 0.4889757664322325,
  "holdout_qa_cos_sim": 0.9873195282809238
}