{
    "forget_qa_rouge": 0.17165317893869475,
    "holdout_qa_rouge": 0.9782377165577961
}