{
  "forget_qa_cos_sim": 0.8123568489807522,
  "holdout_qa_cos_sim": 0.9263501119166613
}