{
    "forget_qa_rouge": 0.9098374827109266,
    "holdout_qa_rouge": 0.9636666666666668
}