{
  "forget_qa_cos_sim": 0.7074195738278979,
  "holdout_qa_cos_sim": 0.9962622258961201
}