{
  "forget_qa_cos_sim": 0.5850954520288097,
  "holdout_qa_cos_sim": 0.9885180584192276
}