{
    "forget_qa_rouge": 0.4659578146611342,
    "holdout_qa_rouge": 0.9856666666666667
}