{
  "forget_qa_cos_sim": 0.6047892150936718,
  "holdout_qa_cos_sim": 0.9942059910297394
}