{
  "forget_qa_cos_sim": 0.6753079103560987,
  "holdout_qa_cos_sim": 0.9930584030449391
}