{
    "forget_qa_rouge": 0.3073565006915629,
    "holdout_qa_rouge": 0.9903333333333333
}