{
  "forget_qa_cos_sim": 0.6621212861288138,
  "holdout_qa_cos_sim": 0.8925089255869388
}