{
    "forget_qa_rouge": 0.9171853388658369,
    "holdout_qa_rouge": 0.9591666666666667
}