{
  "forget_qa_cos_sim": 0.8649484081448856,
  "holdout_qa_cos_sim": 0.9793975995779037
}