{
    "forget_qa_rouge": 0.5876901798063624,
    "holdout_qa_rouge": 0.9623333333333334
}