{
  "forget_qa_cos_sim": 0.4519941357722019,
  "holdout_qa_cos_sim": 0.44368925828169564
}