{
    "forget_qa_rouge": 0.8890422234552141,
    "holdout_qa_rouge": 0.9242813680686442
}