{
  "forget_qa_cos_sim": 0.5950433219252164,
  "holdout_qa_cos_sim": 0.9637745705657226
}