{
    "forget_qa_rouge": 0.3579182511363824,
    "holdout_qa_rouge": 0.939851870020856
}