{
  "forget_qa_cos_sim": 0.6944456391067426,
  "holdout_qa_cos_sim": 0.9559110830426216
}