{
  "forget_qa_cos_sim": 0.720242473408889,
  "holdout_qa_cos_sim": 0.9342051314413548
}