{
    "forget_qa_rouge": 0.8187413554633471,
    "holdout_qa_rouge": 0.9481666666666667
}