{
  "forget_qa_cos_sim": 0.4257965970579981,
  "holdout_qa_cos_sim": 0.7515316170884524
}