{
    "forget_qa_rouge": 0.8527678286361857,
    "holdout_qa_rouge": 0.8674411682860987
}