{
  "forget_qa_cos_sim": 0.46072975655169474,
  "holdout_qa_cos_sim": 0.9633720883974708
}