{
    "forget_qa_rouge": 0.5294367783426484,
    "holdout_qa_rouge": 0.9605516970328104
}