{
    "utility_1k/": " ",
    "utility_arc_200/acc": 0.865,
    "utility_arc_200/acc_stderr": 0.024224141785131013,
    "utility_mmlu_pro_400/acc": 0.37,
    "utility_mmlu_pro_400/acc_stderr": 0.024170447375168456,
    "utility_truthfulqa_bin_200/acc": 0.7,
    "utility_truthfulqa_bin_200/acc_stderr": 0.032485017806822114,
    "utility_winogrande_200/acc": 0.675,
    "utility_winogrande_200/acc_stderr": 0.033202212797844806
}