{
  "forget_qa_cos_sim": 0.9232325082745295,
  "holdout_qa_cos_sim": 0.958188324958086
}