{
  "forget_qa_cos_sim": 0.8444467068213151,
  "holdout_qa_cos_sim": 0.9634440702199936
}