{
  "forget_qa_cos_sim": 0.8271415048120427,
  "holdout_qa_cos_sim": 0.951763634443283
}