{
    "forget_qa_rouge": 0.09232992606559817,
    "holdout_qa_rouge": 0.9328152298331225
}