{
    "utility_1k/": " ",
    "utility_arc_200/acc": 0.845,
    "utility_arc_200/acc_stderr": 0.02565474281971523,
    "utility_mmlu_pro_400/acc": 0.38,
    "utility_mmlu_pro_400/acc_stderr": 0.02429971585175824,
    "utility_truthfulqa_bin_200/acc": 0.695,
    "utility_truthfulqa_bin_200/acc_stderr": 0.032637417254205714,
    "utility_winogrande_200/acc": 0.715,
    "utility_winogrande_200/acc_stderr": 0.03199992148231578
}