{
  "forget_qa_cos_sim": 0.9559645127211369,
  "holdout_qa_cos_sim": 0.95757541051507
}