{
    "forget_qa_rouge": 0.8853734439834025,
    "holdout_qa_rouge": 0.9388333333333333
}