{
  "forget_qa_cos_sim": 0.16309953226470758,
  "holdout_qa_cos_sim": 0.9805459518981372
}