{
  "forget_qa_cos_sim": 0.788471513456261,
  "holdout_qa_cos_sim": 0.9078692015630428
}