{
    "forget_qa_rouge": 0.6860302774682768,
    "holdout_qa_rouge": 0.8584541811181972
}