{
  "forget_qa_cos_sim": 0.9575950598877495,
  "holdout_qa_cos_sim": 0.9641459935307503
}