{
    "forget_qa_rouge": 0.9295297372060857,
    "holdout_qa_rouge": 0.9438333333333333
}