{
  "forget_qa_cos_sim": 0.6464272206057201,
  "holdout_qa_cos_sim": 0.9292761551486569
}