{
    "forget_qa_rouge": 0.6579372346999995,
    "holdout_qa_rouge": 0.9123937471849997
}