{
  "forget_qa_cos_sim": 0.4467796123738311,
  "holdout_qa_cos_sim": 0.7227748039929432
}