{
    "forget_qa_rouge": 0.8743283076384849,
    "holdout_qa_rouge": 0.8782893547804084
}