{
  "forget_qa_cos_sim": 0.6381016852151047,
  "holdout_qa_cos_sim": 0.9583675145679409
}