{
    "forget_qa_rouge": 0.43674977332497306,
    "holdout_qa_rouge": 0.9314904942638541
}