{
  "forget_qa_cos_sim": 0.42111336379808534,
  "holdout_qa_cos_sim": 0.7356934045351733
}