{
    "forget_qa_rouge": 0.8498906722161325,
    "holdout_qa_rouge": 0.8690879972689118
}