{
  "forget_qa_cos_sim": 0.5344820635323703,
  "holdout_qa_cos_sim": 0.9849028130769729
}