{
    "forget_qa_rouge": 0.10724412171507607,
    "holdout_qa_rouge": 0.9746666666666667
}