{
  "forget_qa_cos_sim": 0.7550852288843685,
  "holdout_qa_cos_sim": 0.802132085993886
}