{
  "forget_qa_cos_sim": 0.8825767371432539,
  "holdout_qa_cos_sim": 0.9716371310353279
}