{
    "forget_qa_rouge": 0.790594744121715,
    "holdout_qa_rouge": 0.9578333333333334
}