{
  "forget_qa_cos_sim": 0.6785985304977884,
  "holdout_qa_cos_sim": 0.9972174537181854
}