{
  "forget_qa_cos_sim": 0.4344542495661796,
  "holdout_qa_cos_sim": 0.9640758198216496
}