{
    "forget_qa_rouge": 0.15746008940694595,
    "holdout_qa_rouge": 0.9411213813798307
}