{
    "utility_1k/": " ",
    "utility_arc_200/acc": 0.86,
    "utility_arc_200/acc_stderr": 0.024597258498217672,
    "utility_mmlu_pro_400/acc": 0.3525,
    "utility_mmlu_pro_400/acc_stderr": 0.023917346710791567,
    "utility_truthfulqa_bin_200/acc": 0.68,
    "utility_truthfulqa_bin_200/acc_stderr": 0.03306761764450865,
    "utility_winogrande_200/acc": 0.695,
    "utility_winogrande_200/acc_stderr": 0.03263741725420571
}