{
  "forget_qa_cos_sim": 0.7071431360798752,
  "holdout_qa_cos_sim": 0.9673491964936256
}