{
    "forget_qa_rouge": 0.8224412171507607,
    "holdout_qa_rouge": 0.9731666666666666
}