{
  "forget_qa_cos_sim": 0.18931626411603136,
  "holdout_qa_cos_sim": 0.16192985216155648
}