{
  "forget_qa_cos_sim": 0.9278749705473912,
  "holdout_qa_cos_sim": 0.964557344853878
}