{
    "forget_qa_rouge": 0.8091286307053942,
    "holdout_qa_rouge": 0.9371666666666666
}