{
  "forget_qa_cos_sim": 0.6168879717743001,
  "holdout_qa_cos_sim": 0.9741310207247734
}