{
  "forget_qa_cos_sim": 0.7127288217753684,
  "holdout_qa_cos_sim": 0.869452257915697
}