{
    "forget_qa_rouge": 0.7344795270724412,
    "holdout_qa_rouge": 0.8789460208446291
}