{
    "forget_qa_rouge": 0.9164937759336099,
    "holdout_qa_rouge": 0.9513333333333334
}