{
  "forget_qa_cos_sim": 0.6871940301908992,
  "holdout_qa_cos_sim": 0.9864725024700165
}