{
  "forget_qa_cos_sim": 0.2122827390692132,
  "holdout_qa_cos_sim": 0.9301547158796313
}