{
    "forget_qa_rouge": 0.0596991349509585,
    "holdout_qa_rouge": 0.8952703691272279
}