{
    "utility_1k/": " ",
    "utility_arc_200/acc": 0.73,
    "utility_arc_200/acc_stderr": 0.0314714515284334,
    "utility_mmlu_pro_400/acc": 0.2575,
    "utility_mmlu_pro_400/acc_stderr": 0.02189023368598574,
    "utility_truthfulqa_bin_200/acc": 0.72,
    "utility_truthfulqa_bin_200/acc_stderr": 0.03182868716477582,
    "utility_winogrande_200/acc": 0.59,
    "utility_winogrande_200/acc_stderr": 0.03486513859784927
}