{
    "utility_1k/": " ",
    "utility_arc_200/acc": 0.695,
    "utility_arc_200/acc_stderr": 0.032637417254205714,
    "utility_mmlu_pro_400/acc": 0.245,
    "utility_mmlu_pro_400/acc_stderr": 0.021531290979132495,
    "utility_truthfulqa_bin_200/acc": 0.46,
    "utility_truthfulqa_bin_200/acc_stderr": 0.03533045720097817,
    "utility_winogrande_200/acc": 0.57,
    "utility_winogrande_200/acc_stderr": 0.035094989549183275
}