{
    "utility_1k/": " ",
    "utility_arc_200/acc": 0.835,
    "utility_arc_200/acc_stderr": 0.02631229148928475,
    "utility_mmlu_pro_400/acc": 0.34,
    "utility_mmlu_pro_400/acc_stderr": 0.023715100991511584,
    "utility_truthfulqa_bin_200/acc": 0.715,
    "utility_truthfulqa_bin_200/acc_stderr": 0.03199992148231577,
    "utility_winogrande_200/acc": 0.64,
    "utility_winogrande_200/acc_stderr": 0.034026297840400156
}