{
  "forget_qa_cos_sim": 0.7969852795368408,
  "holdout_qa_cos_sim": 0.8384042217880487
}