{
  "forget_qa_cos_sim": 0.6061060526311645,
  "holdout_qa_cos_sim": 0.9422256921231746
}