{
  "forget_qa_cos_sim": 0.6825812334022037,
  "holdout_qa_cos_sim": 0.8662804514910307
}