{
    "forget_qa_rouge": 0.5166963637265827,
    "holdout_qa_rouge": 0.7897673124313284
}