{
  "forget_qa_cos_sim": 0.7442229732994716,
  "holdout_qa_cos_sim": 0.9365144478678703
}