{
  "forget_qa_cos_sim": 0.526006743481916,
  "holdout_qa_cos_sim": 0.5435909940004349
}