{
    "forget_qa_rouge": 0.9413900414937759,
    "holdout_qa_rouge": 0.9733333333333333
}