{
  "forget_qa_cos_sim": 0.6346637094354728,
  "holdout_qa_cos_sim": 0.9835031346082688
}