{
  "forget_qa_cos_sim": 0.6158932543657256,
  "holdout_qa_cos_sim": 0.9843969130516053
}