{
  "forget_qa_cos_sim": 0.6922595670091228,
  "holdout_qa_cos_sim": 0.9621214356422424
}