{
    "forget_qa_rouge": 0.32285615491009684,
    "holdout_qa_rouge": 0.9358333333333333
}