{
  "forget_qa_cos_sim": 0.8254050918819993,
  "holdout_qa_cos_sim": 0.943738021865487
}