{
  "forget_qa_cos_sim": 0.8737098140587946,
  "holdout_qa_cos_sim": 0.9713148587942123
}