{
    "forget_qa_rouge": 0.5997060857538036,
    "holdout_qa_rouge": 0.9528333333333334
}