{
  "forget_qa_cos_sim": 0.5918648227956532,
  "holdout_qa_cos_sim": 0.5468269968777895
}