{
  "forget_qa_cos_sim": 0.6517633086541876,
  "holdout_qa_cos_sim": 0.9742392557859421
}