{
    "forget_qa_rouge": 0.8854253112033195,
    "holdout_qa_rouge": 0.9858333333333332
}