{
    "forget_qa_rouge": 0.002214724027853587,
    "holdout_qa_rouge": 0.0008765588288451111
}