{
  "forget_qa_cos_sim": 0.8989014564027925,
  "holdout_qa_cos_sim": 0.921196693778038
}