{
  "forget_qa_cos_sim": 0.9603132974371871,
  "holdout_qa_cos_sim": 0.9625574937462806
}