{
    "forget_qa_rouge": 0.9169605809128631,
    "holdout_qa_rouge": 0.9431666666666666
}