{
  "forget_qa_cos_sim": 0.8515772520645649,
  "holdout_qa_cos_sim": 0.9783711978793144
}