{
    "utility_1k/": " ",
    "utility_arc_200/acc": 0.69,
    "utility_arc_200/acc_stderr": 0.032785276754349606,
    "utility_mmlu_pro_400/acc": 0.2375,
    "utility_mmlu_pro_400/acc_stderr": 0.021304202581158675,
    "utility_truthfulqa_bin_200/acc": 0.59,
    "utility_truthfulqa_bin_200/acc_stderr": 0.03486513859784927,
    "utility_winogrande_200/acc": 0.585,
    "utility_winogrande_200/acc_stderr": 0.0349281387189735
}