{
  "forget_qa_cos_sim": 0.7286393652318425,
  "holdout_qa_cos_sim": 0.986909239590168
}