{
  "forget_qa_cos_sim": 0.21084195652089627,
  "holdout_qa_cos_sim": 0.9468369773184598
}