{
    "forget_qa_rouge": 0.060254883474751476,
    "holdout_qa_rouge": 0.9184821805100134
}