{
  "forget_qa_cos_sim": 0.9390305140330089,
  "holdout_qa_cos_sim": 0.9633224555552006
}