{
  "forget_qa_cos_sim": 0.6096629545989125,
  "holdout_qa_cos_sim": 0.9948043316006661
}