{
    "forget_qa_rouge": 0.21883644536652833,
    "holdout_qa_rouge": 0.9923333333333333
}