{
  "forget_qa_cos_sim": 0.8111404028269018,
  "holdout_qa_cos_sim": 0.9454162270277738
}