{
    "forget_qa_rouge": 0.8925484094052558,
    "holdout_qa_rouge": 0.9731666666666667
}