{
  "forget_qa_cos_sim": 0.5282294002567658,
  "holdout_qa_cos_sim": 0.9472620541732452
}