{
    "forget_qa_rouge": 0.2434231412522486,
    "holdout_qa_rouge": 0.908561689028886
}