{
  "forget_qa_cos_sim": 0.7524937589786437,
  "holdout_qa_cos_sim": 0.9079886816299613
}