{
    "forget_qa_rouge": 0.6309679061242104,
    "holdout_qa_rouge": 0.860236632155121
}