{
  "forget_qa_cos_sim": 0.7238708952815117,
  "holdout_qa_cos_sim": 0.9501575174040051
}