{
  "forget_qa_cos_sim": 0.6097291725691547,
  "holdout_qa_cos_sim": 1.000000032544136
}