{
  "forget_qa_cos_sim": 0.3763787614591821,
  "holdout_qa_cos_sim": 0.807187562947428
}