{
    "forget_qa_rouge": 0.3120425337080426,
    "holdout_qa_rouge": 0.7899740087612851
}