{
  "forget_qa_cos_sim": 0.9564883821485448,
  "holdout_qa_cos_sim": 0.9597938014864922
}