{
    "forget_qa_rouge": 0.8864107883817427,
    "holdout_qa_rouge": 0.9438333333333333
}