{
  "forget_qa_cos_sim": 0.855726150556224,
  "holdout_qa_cos_sim": 0.891515401929617
}