{
    "forget_qa_rouge": 0.908195020746888,
    "holdout_qa_rouge": 0.9486666666666667
}