{
    "utility_1k/": " ",
    "utility_arc_200/acc": 0.385,
    "utility_arc_200/acc_stderr": 0.034493827282617,
    "utility_mmlu_pro_400/acc": 0.2125,
    "utility_mmlu_pro_400/acc_stderr": 0.02047945054772811,
    "utility_truthfulqa_bin_200/acc": 0.58,
    "utility_truthfulqa_bin_200/acc_stderr": 0.0349874349304872,
    "utility_winogrande_200/acc": 0.48,
    "utility_winogrande_200/acc_stderr": 0.03541569365103447
}