{
  "forget_qa_cos_sim": 0.5034930601065183,
  "holdout_qa_cos_sim": 0.9888115935909604
}