{
  "forget_qa_cos_sim": 0.7799164000086645,
  "holdout_qa_cos_sim": 0.8975963182304678
}