{
    "forget_qa_rouge": 0.6721260012420137,
    "holdout_qa_rouge": 0.8426630692038246
}