{
  "forget_qa_cos_sim": 0.8448482754319535,
  "holdout_qa_cos_sim": 0.9664359066486359
}