{
    "forget_qa_rouge": 0.8983402489626556,
    "holdout_qa_rouge": 0.9591666666666667
}