{
  "forget_qa_cos_sim": 0.7741569612539474,
  "holdout_qa_cos_sim": 0.8244350985756028
}