{
    "forget_qa_rouge": 0.7572313092719484,
    "holdout_qa_rouge": 0.8247766646872015
}