{
  "forget_qa_cos_sim": 0.8489673884268618,
  "holdout_qa_cos_sim": 0.9618996070325374
}