{
  "forget_qa_cos_sim": 0.6721204543540339,
  "holdout_qa_cos_sim": 0.9432631450742484
}