{
  "forget_qa_cos_sim": 0.663400820228445,
  "holdout_qa_cos_sim": 0.9929994739294052
}