{
  "forget_qa_cos_sim": 0.7719031293486164,
  "holdout_qa_cos_sim": 0.9069731521606446
}