{
  "forget_qa_cos_sim": 0.5145136984490261,
  "holdout_qa_cos_sim": 0.9705434117019176
}