{
    "forget_qa_rouge": 0.37219917012448134,
    "holdout_qa_rouge": 0.9533333333333334
}