{
  "forget_qa_cos_sim": 0.7265319249194687,
  "holdout_qa_cos_sim": 0.9320345883816481
}