{
    "forget_qa_rouge": 0.8339557399723375,
    "holdout_qa_rouge": 0.9471666666666667
}