{
  "forget_qa_cos_sim": 0.758152552614763,
  "holdout_qa_cos_sim": 0.9045741783093797
}