{
    "forget_qa_rouge": 0.631493280946216,
    "holdout_qa_rouge": 0.8451906884809469
}