{
  "forget_qa_cos_sim": 0.6415792308720596,
  "holdout_qa_cos_sim": 0.837680746231766
}