{
    "forget_qa_rouge": 0.49213584262212257,
    "holdout_qa_rouge": 0.7556649281798387
}