{
  "forget_qa_cos_sim": 0.618866153185051,
  "holdout_qa_cos_sim": 0.9656665409356355
}