{
    "forget_qa_rouge": 0.8695193637621024,
    "holdout_qa_rouge": 0.9793333333333333
}