{
    "utility_1k/": " ",
    "utility_arc_200/acc": 0.775,
    "utility_arc_200/acc_stderr": 0.02960162633044062,
    "utility_mmlu_pro_400/acc": 0.3325,
    "utility_mmlu_pro_400/acc_stderr": 0.023584952830141538,
    "utility_truthfulqa_bin_200/acc": 0.59,
    "utility_truthfulqa_bin_200/acc_stderr": 0.03486513859784927,
    "utility_winogrande_200/acc": 0.615,
    "utility_winogrande_200/acc_stderr": 0.03449382728261698
}