{
  "forget_qa_cos_sim": 0.7789943387761671,
  "holdout_qa_cos_sim": 0.8899679311162163
}