{
    "forget_qa_rouge": 0.6703194050363206,
    "holdout_qa_rouge": 0.8295362026972365
}