{
  "forget_qa_cos_sim": 0.6128588147940601,
  "holdout_qa_cos_sim": 0.9826204551756382
}