{
    "forget_qa_rouge": 0.21084889349930844,
    "holdout_qa_rouge": 0.9696666666666668
}