{
  "forget_qa_cos_sim": 0.7056137918807659,
  "holdout_qa_cos_sim": 0.9962622258961201
}