{
    "utility_1k/": " ",
    "utility_arc_200/acc": 0.83,
    "utility_arc_200/acc_stderr": 0.02662790314934043,
    "utility_mmlu_pro_400/acc": 0.3475,
    "utility_mmlu_pro_400/acc_stderr": 0.023838625698390636,
    "utility_truthfulqa_bin_200/acc": 0.68,
    "utility_truthfulqa_bin_200/acc_stderr": 0.033067617644508635,
    "utility_winogrande_200/acc": 0.65,
    "utility_winogrande_200/acc_stderr": 0.033811478530256706
}