{
  "forget_qa_cos_sim": 0.7818304197978677,
  "holdout_qa_cos_sim": 0.8609298017024994
}