{
    "forget_qa_rouge": 0.9614453665283541,
    "holdout_qa_rouge": 0.9688333333333332
}