{
  "forget_qa_cos_sim": 0.531963061749997,
  "holdout_qa_cos_sim": 0.9646849566102028
}