{
    "forget_qa_rouge": 0.22538035961272473,
    "holdout_qa_rouge": 0.9466666666666667
}