{
  "forget_qa_cos_sim": 0.5559691190072628,
  "holdout_qa_cos_sim": 0.9696044818377507
}