{
    "forget_qa_rouge": 0.2996666411046404,
    "holdout_qa_rouge": 0.9530815109343935
}