{
  "forget_qa_cos_sim": 0.8085037659219934,
  "holdout_qa_cos_sim": 0.971330435037613
}