{
  "forget_qa_cos_sim": 0.45340040989251057,
  "holdout_qa_cos_sim": 0.9772918067872525
}