{
    "forget_qa_rouge": 0.13426694329183955,
    "holdout_qa_rouge": 0.9673333333333334
}