{
  "forget_qa_cos_sim": 0.36877259416351116,
  "holdout_qa_cos_sim": 0.9854674786180257
}