{
  "forget_qa_cos_sim": 0.6288107952481731,
  "holdout_qa_cos_sim": 0.9979682214260102
}