{
  "forget_qa_cos_sim": 0.6168447000156176,
  "holdout_qa_cos_sim": 0.9956187767386436
}