{
    "forget_qa_rouge": 0.5053077455048409,
    "holdout_qa_rouge": 0.9923333333333333
}