{
  "forget_qa_cos_sim": 0.8223138676639414,
  "holdout_qa_cos_sim": 0.9429892193824053
}