{
  "forget_qa_cos_sim": 0.6301110122522873,
  "holdout_qa_cos_sim": 0.9935593183636665
}