{
    "forget_qa_rouge": 0.7826936376210235,
    "holdout_qa_rouge": 0.9963333333333334
}