{
  "forget_qa_cos_sim": 0.6833356485694657,
  "holdout_qa_cos_sim": 0.8337224577589759
}