{
    "forget_qa_rouge": 0.5189534154626201,
    "holdout_qa_rouge": 0.7337412752919711
}