{
    "utility_1k/": " ",
    "utility_arc_200/acc": 0.86,
    "utility_arc_200/acc_stderr": 0.024597258498217676,
    "utility_mmlu_pro_400/acc": 0.385,
    "utility_mmlu_pro_400/acc_stderr": 0.024360235069300455,
    "utility_truthfulqa_bin_200/acc": 0.69,
    "utility_truthfulqa_bin_200/acc_stderr": 0.032785276754349606,
    "utility_winogrande_200/acc": 0.615,
    "utility_winogrande_200/acc_stderr": 0.034493827282617
}