{
  "forget_qa_cos_sim": 0.787886381792063,
  "holdout_qa_cos_sim": 0.9123541220137908
}