{
    "forget_qa_rouge": 0.6788420351984089,
    "holdout_qa_rouge": 0.860084084239154
}