{
  "forget_qa_cos_sim": 0.7719173805896363,
  "holdout_qa_cos_sim": 0.991558112680912
}