{
    "forget_qa_rouge": 0.43004840940525585,
    "holdout_qa_rouge": 0.9858333333333333
}