{
  "forget_qa_cos_sim": 0.5999153191582812,
  "holdout_qa_cos_sim": 0.8790296062560489
}