{
    "forget_qa_rouge": 0.4243386577530377,
    "holdout_qa_rouge": 0.8157429879596877
}