{
  "forget_qa_cos_sim": 0.6975462208096231,
  "holdout_qa_cos_sim": 0.9975017421245574
}