{
    "utility_1k/": " ",
    "utility_arc_200/acc": 0.28,
    "utility_arc_200/acc_stderr": 0.03182868716477582,
    "utility_mmlu_pro_400/acc": 0.1925,
    "utility_mmlu_pro_400/acc_stderr": 0.01973786547054499,
    "utility_truthfulqa_bin_200/acc": 0.5,
    "utility_truthfulqa_bin_200/acc_stderr": 0.0354440602504168,
    "utility_winogrande_200/acc": 0.535,
    "utility_winogrande_200/acc_stderr": 0.035357115664894224
}