{
  "forget_qa_cos_sim": 0.3659046249583951,
  "holdout_qa_cos_sim": 0.9830965428948403
}