{
  "forget_qa_cos_sim": 0.8390123960388152,
  "holdout_qa_cos_sim": 0.9351367927193641
}