{
  "forget_qa_cos_sim": 0.8534661694371849,
  "holdout_qa_cos_sim": 0.8691462026834488
}