{
    "forget_qa_rouge": 0.9180497925311203,
    "holdout_qa_rouge": 0.9556666666666667
}