{
  "forget_qa_cos_sim": 0.7105346004637074,
  "holdout_qa_cos_sim": 0.9798371623158455
}