{
    "forget_qa_rouge": 0.6190871369294605,
    "holdout_qa_rouge": 0.9731666666666667
}