{
    "utility_1k/": " ",
    "utility_arc_200/acc": 0.865,
    "utility_arc_200/acc_stderr": 0.024224141785131013,
    "utility_mmlu_pro_400/acc": 0.365,
    "utility_mmlu_pro_400/acc_stderr": 0.024101653974588085,
    "utility_truthfulqa_bin_200/acc": 0.705,
    "utility_truthfulqa_bin_200/acc_stderr": 0.032328014206142675,
    "utility_winogrande_200/acc": 0.66,
    "utility_winogrande_200/acc_stderr": 0.03358032446172574
}