{
  "forget_qa_cos_sim": 0.6872007634753509,
  "holdout_qa_cos_sim": 0.9946031273007393
}