{
  "forget_qa_cos_sim": 0.4646023361329221,
  "holdout_qa_cos_sim": 0.9392809711396695
}