{
  "forget_qa_cos_sim": 0.6867015818481748,
  "holdout_qa_cos_sim": 0.9571499168127775
}