{
    "forget_qa_rouge": 0.3294605809128631,
    "holdout_qa_rouge": 0.9311666666666666
}