{
  "forget_qa_cos_sim": 0.6239017412521284,
  "holdout_qa_cos_sim": 0.86803629468977
}