{
    "forget_qa_rouge": 0.751930534441823,
    "holdout_qa_rouge": 0.87994306885957
}