{
  "forget_qa_cos_sim": 0.9454782766548925,
  "holdout_qa_cos_sim": 0.9693192093968391
}