{
    "forget_qa_rouge": 0.9032503457814661,
    "holdout_qa_rouge": 0.9453333333333332
}