{
  "forget_qa_cos_sim": 0.7085789839091761,
  "holdout_qa_cos_sim": 0.9672496390938758
}