{
    "forget_qa_rouge": 0.6236514522821577,
    "holdout_qa_rouge": 0.9548333333333333
}