{
  "forget_qa_cos_sim": 0.6875827028336843,
  "holdout_qa_cos_sim": 0.9310441128212738
}