{
    "forget_qa_rouge": 0.5202691831729692,
    "holdout_qa_rouge": 0.8937206486908277
}