{
  "forget_qa_cos_sim": 0.5932742653113183,
  "holdout_qa_cos_sim": 0.8548723609447479
}