{
    "forget_qa_rouge": 0.9133817427385892,
    "holdout_qa_rouge": 0.9476666666666668
}