{
  "forget_qa_cos_sim": 0.5542859553051165,
  "holdout_qa_cos_sim": 0.9198327498462003
}