{
    "forget_qa_rouge": 0.6347531911182485,
    "holdout_qa_rouge": 0.909543962774579
}