{
  "forget_qa_cos_sim": 0.6338590333756075,
  "holdout_qa_cos_sim": 0.9867190613746643
}