{
  "forget_qa_cos_sim": 0.5763941752475588,
  "holdout_qa_cos_sim": 0.9144376771968581
}