{
    "forget_qa_rouge": 0.3880116352328926,
    "holdout_qa_rouge": 0.874520338287734
}