{
  "forget_qa_cos_sim": 0.7432627162714469,
  "holdout_qa_cos_sim": 0.9761283085942268
}