{
    "forget_qa_rouge": 0.6769017980636237,
    "holdout_qa_rouge": 0.9661666666666667
}