{
  "forget_qa_cos_sim": 0.7636206256403468,
  "holdout_qa_cos_sim": 0.9358062296509743
}