{
  "forget_qa_cos_sim": 0.6249977495923206,
  "holdout_qa_cos_sim": 0.9977976266145706
}