{
    "utility_1k/": " ",
    "utility_arc_200/acc": 0.845,
    "utility_arc_200/acc_stderr": 0.025654742819715238,
    "utility_mmlu_pro_400/acc": 0.3525,
    "utility_mmlu_pro_400/acc_stderr": 0.02391734671079157,
    "utility_truthfulqa_bin_200/acc": 0.685,
    "utility_truthfulqa_bin_200/acc_stderr": 0.03292865746446489,
    "utility_winogrande_200/acc": 0.68,
    "utility_winogrande_200/acc_stderr": 0.03306761764450864
}