{
  "forget_qa_cos_sim": 0.739045787907389,
  "holdout_qa_cos_sim": 0.8658707923660337
}