{
    "forget_qa_rouge": 0.739738187211268,
    "holdout_qa_rouge": 0.8623527234859242
}