{
  "forget_qa_cos_sim": 0.9571551813500551,
  "holdout_qa_cos_sim": 0.9138075654953718
}