{
  "forget_qa_cos_sim": 0.9526687260732611,
  "holdout_qa_cos_sim": 0.9608024897873402
}