{
    "forget_qa_rouge": 0.9297026279391425,
    "holdout_qa_rouge": 0.9471666666666666
}