{
  "forget_qa_cos_sim": 0.7097666845173316,
  "holdout_qa_cos_sim": 0.9261473845643359
}