{
    "forget_qa_rouge": 0.5484637974044018,
    "holdout_qa_rouge": 0.8811569256897288
}