{
  "forget_qa_cos_sim": 0.6670078267649039,
  "holdout_qa_cos_sim": 0.8306164543837721
}