{
    "forget_qa_rouge": 0.5218332408589442,
    "holdout_qa_rouge": 0.7433920287797028
}