{
    "forget_qa_rouge": 0.591791707578439,
    "holdout_qa_rouge": 0.96420201733323
}