{
  "forget_qa_cos_sim": 0.5855680172142275,
  "holdout_qa_cos_sim": 0.9923537205457688
}