{
    "forget_qa_rouge": 0.18409405255878283,
    "holdout_qa_rouge": 0.9873333333333333
}