{
  "forget_qa_cos_sim": 0.6623798715051156,
  "holdout_qa_cos_sim": 0.9680261106491089
}