{
    "forget_qa_rouge": 0.5682572614107884,
    "holdout_qa_rouge": 0.9518333333333334
}