{
  "forget_qa_cos_sim": 0.6930756224203406,
  "holdout_qa_cos_sim": 0.9935379623174667
}