{
    "forget_qa_rouge": 0.6000691562932227,
    "holdout_qa_rouge": 0.9903333333333334
}