{
    "utility_1k/": " ",
    "utility_arc_200/acc": 0.83,
    "utility_arc_200/acc_stderr": 0.02662790314934043,
    "utility_mmlu_pro_400/acc": 0.36,
    "utility_mmlu_pro_400/acc_stderr": 0.024030056367444402,
    "utility_truthfulqa_bin_200/acc": 0.69,
    "utility_truthfulqa_bin_200/acc_stderr": 0.032785276754349606,
    "utility_winogrande_200/acc": 0.68,
    "utility_winogrande_200/acc_stderr": 0.033067617644508635
}