{
  "forget_qa_cos_sim": 0.8982150939242969,
  "holdout_qa_cos_sim": 0.8789069984257222
}