{
  "forget_qa_cos_sim": 0.6412736915082853,
  "holdout_qa_cos_sim": 0.9903285531401634
}