{
    "forget_qa_rouge": 0.7610304287690179,
    "holdout_qa_rouge": 0.9913333333333334
}