{
  "forget_qa_cos_sim": 0.9287195465840492,
  "holdout_qa_cos_sim": 0.962381086498499
}