{
    "utility_1k/": " ",
    "utility_arc_200/acc": 0.85,
    "utility_arc_200/acc_stderr": 0.02531212194953126,
    "utility_mmlu_pro_400/acc": 0.385,
    "utility_mmlu_pro_400/acc_stderr": 0.024360235069300455,
    "utility_truthfulqa_bin_200/acc": 0.68,
    "utility_truthfulqa_bin_200/acc_stderr": 0.03306761764450865,
    "utility_winogrande_200/acc": 0.705,
    "utility_winogrande_200/acc_stderr": 0.03232801420614266
}