{
    "forget_qa_rouge": 0.017720273243024196,
    "holdout_qa_rouge": 0.9714147295161211
}