{
  "forget_qa_cos_sim": 0.7104997115820275,
  "holdout_qa_cos_sim": 0.9719934685230255
}