{
  "forget_qa_cos_sim": 0.8048959890403689,
  "holdout_qa_cos_sim": 0.9833092374801635
}