{
    "forget_qa_rouge": 0.47154218533886577,
    "holdout_qa_rouge": 0.9696666666666668
}