{
  "forget_qa_cos_sim": 0.9602897079097285,
  "holdout_qa_cos_sim": 0.964819685280323
}