{
    "forget_qa_rouge": 0.9340248962655602,
    "holdout_qa_rouge": 0.9498333333333333
}