{
  "forget_qa_cos_sim": 0.5510940689949079,
  "holdout_qa_cos_sim": 0.990966766923666
}