{
  "forget_qa_cos_sim": 0.9602056200078909,
  "holdout_qa_cos_sim": 0.9560648893713951
}