{
    "forget_qa_rouge": 0.9030082987551867,
    "holdout_qa_rouge": 0.9471666666666666
}