{
    "utility_1k/": " ",
    "utility_arc_200/acc": 0.85,
    "utility_arc_200/acc_stderr": 0.025312121949531252,
    "utility_mmlu_pro_400/acc": 0.3525,
    "utility_mmlu_pro_400/acc_stderr": 0.023917346710791564,
    "utility_truthfulqa_bin_200/acc": 0.725,
    "utility_truthfulqa_bin_200/acc_stderr": 0.031652557907861936,
    "utility_winogrande_200/acc": 0.645,
    "utility_winogrande_200/acc_stderr": 0.033920910080708536
}