{
  "forget_qa_cos_sim": 0.29360306322168317,
  "holdout_qa_cos_sim": 0.902969354235771
}