{
    "forget_qa_rouge": 0.5545134393606085,
    "holdout_qa_rouge": 0.8962213013405856
}