{
  "forget_qa_cos_sim": 0.43645498919381887,
  "holdout_qa_cos_sim": 0.922198714196682
}