{
  "forget_qa_cos_sim": 0.5686461866458422,
  "holdout_qa_cos_sim": 0.9650740448236466
}