{
    "forget_qa_rouge": 0.3835753803596127,
    "holdout_qa_rouge": 0.9591666666666666
}