{
  "forget_qa_cos_sim": 0.5862103208172297,
  "holdout_qa_cos_sim": 0.9589994050725317
}