{
    "forget_qa_rouge": 0.3571259786872847,
    "holdout_qa_rouge": 0.9356768480028919
}