{
  "forget_qa_cos_sim": 0.8530707883327828,
  "holdout_qa_cos_sim": 0.9474469082951545
}