{
    "forget_qa_rouge": 0.5525069156293223,
    "holdout_qa_rouge": 0.9073333333333333
}