{
  "forget_qa_cos_sim": 0.11270188983051371,
  "holdout_qa_cos_sim": 0.1359198360558775
}