{
    "forget_qa_rouge": 0.00870879438958633,
    "holdout_qa_rouge": 0.0073961713126723064
}