{
  "forget_qa_cos_sim": 0.8078884567091574,
  "holdout_qa_cos_sim": 0.8976261219084263
}