{
  "forget_qa_cos_sim": 0.7600608163637139,
  "holdout_qa_cos_sim": 0.8300276682063259
}