{
    "forget_qa_rouge": 0.7026920196857676,
    "holdout_qa_rouge": 0.7863059019619656
}