{
    "utility_1k/": " ",
    "utility_arc_200/acc": 0.72,
    "utility_arc_200/acc_stderr": 0.03182868716477582,
    "utility_mmlu_pro_400/acc": 0.2375,
    "utility_mmlu_pro_400/acc_stderr": 0.02130420258115867,
    "utility_truthfulqa_bin_200/acc": 0.615,
    "utility_truthfulqa_bin_200/acc_stderr": 0.034493827282617,
    "utility_winogrande_200/acc": 0.54,
    "utility_winogrande_200/acc_stderr": 0.03533045720097818
}