{
  "forget_qa_cos_sim": 0.5943578003801374,
  "holdout_qa_cos_sim": 0.9477230406403542
}