{
  "forget_qa_cos_sim": 0.6261974715036476,
  "holdout_qa_cos_sim": 0.9943727079629898
}