{
  "forget_qa_cos_sim": 0.7704745966369185,
  "holdout_qa_cos_sim": 0.9614105930924416
}