{
  "forget_qa_cos_sim": 0.9274209202016043,
  "holdout_qa_cos_sim": 0.9525602088570595
}