{
    "forget_qa_rouge": 0.9368257261410788,
    "holdout_qa_rouge": 0.9478333333333333
}