{
  "forget_qa_cos_sim": 0.8079493061805538,
  "holdout_qa_cos_sim": 0.9866238157749176
}