{
  "forget_qa_cos_sim": 0.8963490392533575,
  "holdout_qa_cos_sim": 0.871900620907545
}