{
  "forget_qa_cos_sim": 0.6196007517657216,
  "holdout_qa_cos_sim": 0.9990672742128373
}