{
  "forget_qa_cos_sim": 0.7833379824951106,
  "holdout_qa_cos_sim": 0.9871482048034668
}