{
    "forget_qa_rouge": 0.4533022130013831,
    "holdout_qa_rouge": 0.9776666666666668
}