{
  "forget_qa_cos_sim": 0.11306572094858573,
  "holdout_qa_cos_sim": 0.980786031530522
}