{
  "forget_qa_cos_sim": 0.740752895946201,
  "holdout_qa_cos_sim": 0.8910839279294014
}