{
    "forget_qa_rouge": 0.9315352697095436,
    "holdout_qa_rouge": 0.9666666666666668
}