{
  "forget_qa_cos_sim": 0.6943468984324656,
  "holdout_qa_cos_sim": 0.9961931046843528
}