{
  "forget_qa_cos_sim": 0.7376996978066275,
  "holdout_qa_cos_sim": 0.9482688468694687
}