{
    "forget_qa_rouge": 0.11721991701244813,
    "holdout_qa_rouge": 0.9018333333333334
}