{
  "forget_qa_cos_sim": 0.7101226411605277,
  "holdout_qa_cos_sim": 0.9933995251059532
}