{
  "forget_qa_cos_sim": 0.6839973055583684,
  "holdout_qa_cos_sim": 0.9638007752597332
}