{
  "forget_qa_cos_sim": 0.8165004160145207,
  "holdout_qa_cos_sim": 0.8721324699233491
}