{
    "forget_qa_rouge": 0.7156177965834097,
    "holdout_qa_rouge": 0.792478534277739
}