{
  "forget_qa_cos_sim": 0.7360057709573633,
  "holdout_qa_cos_sim": 0.8317678623482485
}