{
    "forget_qa_rouge": 0.5976608114590052,
    "holdout_qa_rouge": 0.7301476853166714
}