{
  "forget_qa_cos_sim": 0.39079164117680826,
  "holdout_qa_cos_sim": 0.8803165685584444
}