{
    "forget_qa_rouge": 0.20758353895727982,
    "holdout_qa_rouge": 0.8178775112671733
}