{
  "forget_qa_cos_sim": 0.6353272677603986,
  "holdout_qa_cos_sim": 0.8802571211238461
}