{
    "forget_qa_rouge": 0.4324125365198654,
    "holdout_qa_rouge": 0.8129249754001245
}