{
  "forget_qa_cos_sim": 0.7076193285850939,
  "holdout_qa_cos_sim": 0.9526405027806759
}