{
  "forget_qa_cos_sim": 0.5094280543957385,
  "holdout_qa_cos_sim": 0.9691832631528378
}