{
    "forget_qa_rouge": 0.072216459197787,
    "holdout_qa_rouge": 0.9476666666666667
}