{
  "forget_qa_cos_sim": 0.7557809160130772,
  "holdout_qa_cos_sim": 0.8484788402378393
}