{
    "forget_qa_rouge": 0.7507998784049495,
    "holdout_qa_rouge": 0.8373531538044462
}