{
  "forget_qa_cos_sim": 0.6793608957538343,
  "holdout_qa_cos_sim": 0.9481572649329901
}