{
    "forget_qa_rouge": 0.31476486860304287,
    "holdout_qa_rouge": 0.9143333333333333
}