{
  "forget_qa_cos_sim": 0.682297064602004,
  "holdout_qa_cos_sim": 0.9866102853417397
}