{
  "forget_qa_cos_sim": 0.6544574494492958,
  "holdout_qa_cos_sim": 1.000000032544136
}