{
  "forget_qa_cos_sim": 0.8750726232513847,
  "holdout_qa_cos_sim": 0.9353318846821785
}