{
    "utility_1k/": " ",
    "utility_arc_200/acc": 0.68,
    "utility_arc_200/acc_stderr": 0.033067617644508635,
    "utility_mmlu_pro_400/acc": 0.265,
    "utility_mmlu_pro_400/acc_stderr": 0.02209429552479194,
    "utility_truthfulqa_bin_200/acc": 0.55,
    "utility_truthfulqa_bin_200/acc_stderr": 0.03526639466921486,
    "utility_winogrande_200/acc": 0.54,
    "utility_winogrande_200/acc_stderr": 0.03533045720097816
}