{
  "forget_qa_cos_sim": 0.5844584013416559,
  "holdout_qa_cos_sim": 0.9584641455709935
}