{
    "forget_qa_rouge": 0.8272821576763485,
    "holdout_qa_rouge": 0.9696666666666667
}