{
  "forget_qa_cos_sim": 0.5101528361105865,
  "holdout_qa_cos_sim": 0.9398658282350572
}