{
    "forget_qa_rouge": 0.21657949263888823,
    "holdout_qa_rouge": 0.8999343047056766
}