{
  "forget_qa_cos_sim": 0.9253877691955488,
  "holdout_qa_cos_sim": 0.9523182238489389
}