{
  "forget_qa_cos_sim": 0.5176355791166115,
  "holdout_qa_cos_sim": 0.990107140481472
}