{
  "forget_qa_cos_sim": 0.8114792849883994,
  "holdout_qa_cos_sim": 0.8826525261700153
}