{
    "forget_qa_rouge": 0.9102697095435685,
    "holdout_qa_rouge": 0.9476666666666667
}