{
  "forget_qa_cos_sim": 0.6811878389546913,
  "holdout_qa_cos_sim": 0.9172339516548959
}