{
    "forget_qa_rouge": 0.6501269831245516,
    "holdout_qa_rouge": 0.8839137612994473
}