{
  "forget_qa_cos_sim": 0.6691359671072347,
  "holdout_qa_cos_sim": 0.9812130199968815
}