{
    "utility_1k/": " ",
    "utility_arc_200/acc": 0.865,
    "utility_arc_200/acc_stderr": 0.024224141785131013,
    "utility_mmlu_pro_400/acc": 0.3675,
    "utility_mmlu_pro_400/acc_stderr": 0.02413639967919174,
    "utility_truthfulqa_bin_200/acc": 0.685,
    "utility_truthfulqa_bin_200/acc_stderr": 0.03292865746446489,
    "utility_winogrande_200/acc": 0.695,
    "utility_winogrande_200/acc_stderr": 0.0326374172542057
}