{
  "forget_qa_cos_sim": 0.6711433639603037,
  "holdout_qa_cos_sim": 0.9960767686367035
}