{
  "forget_qa_cos_sim": 0.7095333145336244,
  "holdout_qa_cos_sim": 0.9836111904084682
}