{
    "utility_1k/": " ",
    "utility_arc_200/acc": 0.85,
    "utility_arc_200/acc_stderr": 0.02531212194953126,
    "utility_mmlu_pro_400/acc": 0.3775,
    "utility_mmlu_pro_400/acc_stderr": 0.024268431488608633,
    "utility_truthfulqa_bin_200/acc": 0.725,
    "utility_truthfulqa_bin_200/acc_stderr": 0.03165255790786193,
    "utility_winogrande_200/acc": 0.71,
    "utility_winogrande_200/acc_stderr": 0.03216633903375033
}