{
  "forget_qa_cos_sim": 0.7846440492638413,
  "holdout_qa_cos_sim": 0.8601962658762932
}