{
  "forget_qa_cos_sim": 0.7536069258103569,
  "holdout_qa_cos_sim": 0.8390830078603423
}