{
    "forget_qa_rouge": 0.7515794700841592,
    "holdout_qa_rouge": 0.840200141144475
}