{
  "forget_qa_cos_sim": 0.6956105774183491,
  "holdout_qa_cos_sim": 0.9549420335292816
}