{
  "forget_qa_cos_sim": 0.6387589868250848,
  "holdout_qa_cos_sim": 0.9939924750328064
}