{
    "forget_qa_rouge": 0.49311894882434304,
    "holdout_qa_rouge": 0.9903333333333333
}