{
  "forget_qa_cos_sim": 0.5145264908176734,
  "holdout_qa_cos_sim": 0.6041090082004666
}