{
    "forget_qa_rouge": 0.9367219917012448,
    "holdout_qa_rouge": 0.9776666666666668
}