{
  "forget_qa_cos_sim": 0.7522700641041474,
  "holdout_qa_cos_sim": 0.8315859389901161
}