{
  "forget_qa_cos_sim": 0.6070961800415486,
  "holdout_qa_cos_sim": 0.9739669389724731
}