{
  "forget_qa_cos_sim": 0.7205108120048195,
  "holdout_qa_cos_sim": 0.9265629965513945
}