{
    "utility_1k/": " ",
    "utility_arc_200/acc": 0.77,
    "utility_arc_200/acc_stderr": 0.02983202555549524,
    "utility_mmlu_pro_400/acc": 0.31,
    "utility_mmlu_pro_400/acc_stderr": 0.023153622298981928,
    "utility_truthfulqa_bin_200/acc": 0.635,
    "utility_truthfulqa_bin_200/acc_stderr": 0.03412767927155775,
    "utility_winogrande_200/acc": 0.57,
    "utility_winogrande_200/acc_stderr": 0.03509498954918328
}