{
  "forget_qa_cos_sim": 0.7771982067106176,
  "holdout_qa_cos_sim": 0.9718569895625114
}