{
    "utility_1k/": " ",
    "utility_arc_200/acc": 0.795,
    "utility_arc_200/acc_stderr": 0.028617649261360168,
    "utility_mmlu_pro_400/acc": 0.33,
    "utility_mmlu_pro_400/acc_stderr": 0.02354007940398385,
    "utility_truthfulqa_bin_200/acc": 0.64,
    "utility_truthfulqa_bin_200/acc_stderr": 0.03402629784040015,
    "utility_winogrande_200/acc": 0.64,
    "utility_winogrande_200/acc_stderr": 0.034026297840400156
}