{
  "forget_qa_cos_sim": 0.6829020434920966,
  "holdout_qa_cos_sim": 0.9740056619048119
}