{
    "forget_qa_rouge": 0.5943637621023513,
    "holdout_qa_rouge": 0.9591666666666667
}