{
    "forget_qa_rouge": 0.15107394342371766,
    "holdout_qa_rouge": 0.9383190037265583
}