{
  "forget_qa_cos_sim": 0.7339388215566571,
  "holdout_qa_cos_sim": 0.9628644948005676
}