{
    "forget_qa_rouge": 0.11618257261410789,
    "holdout_qa_rouge": 0.9273333333333332
}