{
  "forget_qa_cos_sim": 0.9593124760013398,
  "holdout_qa_cos_sim": 0.9254536985754966
}