{
  "forget_qa_cos_sim": 0.6023111036085984,
  "holdout_qa_cos_sim": 0.9970450863838196
}