{
  "forget_qa_cos_sim": 0.754419846873715,
  "holdout_qa_cos_sim": 0.9935131278038025
}