{
    "forget_qa_rouge": 0.40860995850622406,
    "holdout_qa_rouge": 0.9878333333333333
}