{
  "forget_qa_cos_sim": 0.3381374717414115,
  "holdout_qa_cos_sim": 0.8584913146309588
}