{
    "forget_qa_rouge": 0.660272726771511,
    "holdout_qa_rouge": 0.8804068087865303
}