{
  "forget_qa_cos_sim": 0.8254321938171921,
  "holdout_qa_cos_sim": 0.9045581640601158
}