{
  "forget_qa_cos_sim": 0.33844325045718815,
  "holdout_qa_cos_sim": 0.9587391274273396
}