{
    "forget_qa_rouge": 0.040663900414937754,
    "holdout_qa_rouge": 0.9293333333333332
}