{
  "forget_qa_cos_sim": 0.8969154145213084,
  "holdout_qa_cos_sim": 0.9022865419238806
}