{
    "utility_1k/": " ",
    "utility_arc_200/acc": 0.835,
    "utility_arc_200/acc_stderr": 0.02631229148928475,
    "utility_mmlu_pro_400/acc": 0.3575,
    "utility_mmlu_pro_400/acc_stderr": 0.02399319817984353,
    "utility_truthfulqa_bin_200/acc": 0.695,
    "utility_truthfulqa_bin_200/acc_stderr": 0.0326374172542057,
    "utility_winogrande_200/acc": 0.665,
    "utility_winogrande_200/acc_stderr": 0.033458517029435815
}