{
  "forget_qa_cos_sim": 0.8001737992484045,
  "holdout_qa_cos_sim": 0.9223574155569076
}