{
  "forget_qa_cos_sim": 0.702020510853388,
  "holdout_qa_cos_sim": 0.9583440059423447
}