{
    "forget_qa_rouge": 0.3463692946058091,
    "holdout_qa_rouge": 0.9348333333333333
}