{
    "utility_1k/": " ",
    "utility_arc_200/acc": 0.87,
    "utility_arc_200/acc_stderr": 0.023839918383725914,
    "utility_mmlu_pro_400/acc": 0.405,
    "utility_mmlu_pro_400/acc_stderr": 0.02457534065727368,
    "utility_truthfulqa_bin_200/acc": 0.68,
    "utility_truthfulqa_bin_200/acc_stderr": 0.03306761764450865,
    "utility_winogrande_200/acc": 0.63,
    "utility_winogrande_200/acc_stderr": 0.03422508997679329
}