{
  "forget_qa_cos_sim": 0.6269281226755178,
  "holdout_qa_cos_sim": 0.9839303215742111
}