{
  "forget_qa_cos_sim": 0.5629792520016194,
  "holdout_qa_cos_sim": 0.9287699388435049
}