{
    "forget_qa_rouge": 0.3424854785136133,
    "holdout_qa_rouge": 0.8878275082549437
}