{
  "forget_qa_cos_sim": 0.6172545978116255,
  "holdout_qa_cos_sim": 0.9250907230363631
}