{
    "forget_qa_rouge": 0.6709322044942052,
    "holdout_qa_rouge": 0.9240923865178339
}