{
  "forget_qa_cos_sim": 0.6615395097378873,
  "holdout_qa_cos_sim": 0.9712252130061388
}