{
    "forget_qa_rouge": 0.2932831950207469,
    "holdout_qa_rouge": 0.9553333333333334
}