{
    "utility_1k/": " ",
    "utility_arc_200/acc": 0.795,
    "utility_arc_200/acc_stderr": 0.028617649261360192,
    "utility_mmlu_pro_400/acc": 0.32,
    "utility_mmlu_pro_400/acc_stderr": 0.023353017118164992,
    "utility_truthfulqa_bin_200/acc": 0.67,
    "utility_truthfulqa_bin_200/acc_stderr": 0.033332495801873405,
    "utility_winogrande_200/acc": 0.57,
    "utility_winogrande_200/acc_stderr": 0.035094989549183275
}