{
  "forget_qa_cos_sim": 0.7115730642113077,
  "holdout_qa_cos_sim": 0.9511673184633255
}