{
  "forget_qa_cos_sim": 0.7058686714202042,
  "holdout_qa_cos_sim": 0.9742276736795902
}