{
  "forget_qa_cos_sim": 0.8999008444211295,
  "holdout_qa_cos_sim": 0.8884237591922283
}