{
    "forget_qa_rouge": 0.9076763485477178,
    "holdout_qa_rouge": 0.9561666666666666
}