{
  "forget_qa_cos_sim": 0.7353535789223896,
  "holdout_qa_cos_sim": 0.8102613346499371
}