{
    "forget_qa_rouge": 0.6508942574156189,
    "holdout_qa_rouge": 0.7323052306650716
}