{
  "forget_qa_cos_sim": 0.6542302916035118,
  "holdout_qa_cos_sim": 0.9784469518661499
}