{
    "forget_qa_rouge": 0.18294813615237374,
    "holdout_qa_rouge": 0.9312774148758244
}