{
  "forget_qa_cos_sim": 0.6325676530383187,
  "holdout_qa_cos_sim": 0.9877562819123268
}