{
  "forget_qa_cos_sim": 0.5974308798298301,
  "holdout_qa_cos_sim": 0.9956003334522248
}