{
  "forget_qa_cos_sim": 0.6386129201556019,
  "holdout_qa_cos_sim": 0.966581738114357
}