{
    "forget_qa_rouge": 0.503042876901798,
    "holdout_qa_rouge": 0.9471666666666667
}