{
  "forget_qa_cos_sim": 0.6683316447953713,
  "holdout_qa_cos_sim": 0.9773421577513218
}