{
  "forget_qa_cos_sim": 0.9462617194256842,
  "holdout_qa_cos_sim": 0.9574664154648781
}