{
    "forget_qa_rouge": 0.9389004149377593,
    "holdout_qa_rouge": 0.9471666666666666
}