{
    "utility_1k/": " ",
    "utility_arc_200/acc": 0.86,
    "utility_arc_200/acc_stderr": 0.024597258498217676,
    "utility_mmlu_pro_400/acc": 0.3775,
    "utility_mmlu_pro_400/acc_stderr": 0.024268431488608636,
    "utility_truthfulqa_bin_200/acc": 0.655,
    "utility_truthfulqa_bin_200/acc_stderr": 0.03369796379336736,
    "utility_winogrande_200/acc": 0.7,
    "utility_winogrande_200/acc_stderr": 0.03248501780682212
}