{
  "forget_qa_cos_sim": 0.7290262902662101,
  "holdout_qa_cos_sim": 0.8449162496191569
}