{
    "forget_qa_rouge": 0.5929499931583988,
    "holdout_qa_rouge": 0.7529403664592531
}