{
  "forget_qa_cos_sim": 0.7658433570406744,
  "holdout_qa_cos_sim": 0.7897157447524369
}