{
  "forget_qa_cos_sim": 0.7744800787867352,
  "holdout_qa_cos_sim": 0.9786787451207638
}