{
    "forget_qa_rouge": 0.3329875518672199,
    "holdout_qa_rouge": 0.9663333333333334
}