{
  "forget_qa_cos_sim": 0.6796699030946987,
  "holdout_qa_cos_sim": 0.9087304970175027
}