{
    "forget_qa_rouge": 0.896317427385892,
    "holdout_qa_rouge": 0.9501666666666667
}