{
  "forget_qa_cos_sim": 0.7612287612299578,
  "holdout_qa_cos_sim": 0.9814765158891677
}