{
  "forget_qa_cos_sim": 0.7031695090265195,
  "holdout_qa_cos_sim": 0.9760566482841968
}