{
  "forget_qa_cos_sim": 0.09363011178885165,
  "holdout_qa_cos_sim": 0.09302012160606682
}