{
  "forget_qa_cos_sim": 0.8565028642470411,
  "holdout_qa_cos_sim": 0.9341577682495117
}