{
  "forget_qa_cos_sim": 0.7065550577627853,
  "holdout_qa_cos_sim": 0.7994524918182857
}