{
    "forget_qa_rouge": 0.6340677904936328,
    "holdout_qa_rouge": 0.736787428387826
}