{
  "forget_qa_cos_sim": 0.5147087229608995,
  "holdout_qa_cos_sim": 0.9631897168457508
}