{
  "forget_qa_cos_sim": 0.9533829562273263,
  "holdout_qa_cos_sim": 0.8882348067164421
}