{
  "forget_qa_cos_sim": 0.7396303570183975,
  "holdout_qa_cos_sim": 0.6304714490026235
}