{
    "forget_qa_rouge": 0.9557399723374826,
    "holdout_qa_rouge": 0.9573333333333333
}