{
  "forget_qa_cos_sim": 0.9597487097211893,
  "holdout_qa_cos_sim": 0.9639689095616341
}