{
    "forget_qa_rouge": 0.9319502074688798,
    "holdout_qa_rouge": 0.9438333333333333
}