{
  "forget_qa_cos_sim": 0.8003530876414049,
  "holdout_qa_cos_sim": 0.8874537183642428
}