{
    "forget_qa_rouge": 0.6993037731054403,
    "holdout_qa_rouge": 0.8233318702503594
}