{
  "forget_qa_cos_sim": 0.431978146904979,
  "holdout_qa_cos_sim": 0.954443088144064
}