{
    "forget_qa_rouge": 0.076417704011065,
    "holdout_qa_rouge": 0.9218333333333333
}