{
  "forget_qa_cos_sim": 0.8789548876065436,
  "holdout_qa_cos_sim": 0.9297953481376171
}