{
  "forget_qa_cos_sim": 0.7970437794243647,
  "holdout_qa_cos_sim": 0.9228507767021656
}