{
  "forget_qa_cos_sim": 0.8594226704067957,
  "holdout_qa_cos_sim": 0.9678736018240451
}