{
    "forget_qa_rouge": 0.5789591977869987,
    "holdout_qa_rouge": 0.9491666666666667
}