{
  "forget_qa_cos_sim": 0.5739520482131555,
  "holdout_qa_cos_sim": 0.9516869693994522
}