{
    "forget_qa_rouge": 0.4265560165975104,
    "holdout_qa_rouge": 0.9246666666666667
}