{
  "forget_qa_cos_sim": 0.6647666908831518,
  "holdout_qa_cos_sim": 0.9870504087805748
}