{
    "forget_qa_rouge": 0.007780082987551867,
    "holdout_qa_rouge": 0.9686666666666667
}