{
    "utility_1k/": " ",
    "utility_arc_200/acc": 0.84,
    "utility_arc_200/acc_stderr": 0.025988014245457706,
    "utility_mmlu_pro_400/acc": 0.345,
    "utility_mmlu_pro_400/acc_stderr": 0.023798180255192702,
    "utility_truthfulqa_bin_200/acc": 0.675,
    "utility_truthfulqa_bin_200/acc_stderr": 0.0332022127978448,
    "utility_winogrande_200/acc": 0.715,
    "utility_winogrande_200/acc_stderr": 0.03199992148231578
}