{
    "utility_1k/": " ",
    "utility_arc_200/acc": 0.76,
    "utility_arc_200/acc_stderr": 0.030275120389073044,
    "utility_mmlu_pro_400/acc": 0.3025,
    "utility_mmlu_pro_400/acc_stderr": 0.022995790723031102,
    "utility_truthfulqa_bin_200/acc": 0.645,
    "utility_truthfulqa_bin_200/acc_stderr": 0.033920910080708536,
    "utility_winogrande_200/acc": 0.59,
    "utility_winogrande_200/acc_stderr": 0.03486513859784926
}