{
  "forget_qa_cos_sim": 0.10068233980491943,
  "holdout_qa_cos_sim": 0.08125011324509979
}