{
  "forget_qa_cos_sim": 0.5724718623110615,
  "holdout_qa_cos_sim": 0.639489096686244
}