{
    "forget_qa_rouge": 0.9273858921161826,
    "holdout_qa_rouge": 0.9383333333333332
}