{
  "forget_qa_cos_sim": 0.10111284070972863,
  "holdout_qa_cos_sim": 0.10775996078923344
}