{
  "forget_qa_cos_sim": 0.6062675229277601,
  "holdout_qa_cos_sim": 0.9872824376821518
}