{
    "forget_qa_rouge": 0.48789764868603036,
    "holdout_qa_rouge": 0.9856666666666666
}