{
  "forget_qa_cos_sim": 0.9501454654570932,
  "holdout_qa_cos_sim": 0.9645651387870312
}