{
    "forget_qa_rouge": 0.9044605809128631,
    "holdout_qa_rouge": 0.9366666666666666
}