{
  "forget_qa_cos_sim": 0.8978273898857758,
  "holdout_qa_cos_sim": 0.8724621917307377
}