{
  "forget_qa_cos_sim": 0.7144231321170444,
  "holdout_qa_cos_sim": 0.9431433978497432
}