{
    "forget_qa_rouge": 0.5677798177277162,
    "holdout_qa_rouge": 0.911752142269041
}