{
  "forget_qa_cos_sim": 0.7523954644936391,
  "holdout_qa_cos_sim": 0.8407180061230236
}