{
    "forget_qa_rouge": 0.7495051367142371,
    "holdout_qa_rouge": 0.839050975532089
}