{
  "forget_qa_cos_sim": 0.7037353767893622,
  "holdout_qa_cos_sim": 0.9824446752667427
}