{
  "forget_qa_cos_sim": 0.5909381945350852,
  "holdout_qa_cos_sim": 0.8282131457477808
}