{
    "forget_qa_rouge": 0.9175311203319502,
    "holdout_qa_rouge": 0.9533333333333333
}