{
  "forget_qa_cos_sim": 0.6040120121261638,
  "holdout_qa_cos_sim": 0.9927208421826362
}