{
    "forget_qa_rouge": 0.2009508990318119,
    "holdout_qa_rouge": 0.9866666666666667
}