{
  "forget_qa_cos_sim": 0.5048920380654919,
  "holdout_qa_cos_sim": 0.9830565479695796
}