{
    "forget_qa_rouge": 0.358298755186722,
    "holdout_qa_rouge": 0.9716666666666668
}