{
  "forget_qa_cos_sim": 0.706998541209213,
  "holdout_qa_cos_sim": 0.9953539709150792
}