{
  "forget_qa_cos_sim": 0.8608849615291441,
  "holdout_qa_cos_sim": 0.9828812266588212
}