{
  "forget_qa_cos_sim": 0.42370153563213053,
  "holdout_qa_cos_sim": 0.9551968584954739
}