{
    "forget_qa_rouge": 0.0572268326417704,
    "holdout_qa_rouge": 0.9233333333333333
}