{
  "forget_qa_cos_sim": 0.955506648079983,
  "holdout_qa_cos_sim": 0.8958401432335377
}