{
  "forget_qa_cos_sim": 0.6908702160622074,
  "holdout_qa_cos_sim": 0.9805826331973075
}