{
  "forget_qa_cos_sim": 0.6870708078207811,
  "holdout_qa_cos_sim": 0.9970972237586975
}