{
  "forget_qa_cos_sim": 0.712293743716236,
  "holdout_qa_cos_sim": 0.9731698797345162
}