{
  "forget_qa_cos_sim": 0.43232959237586305,
  "holdout_qa_cos_sim": 0.7060387126634161
}