{
    "forget_qa_rouge": 0.8689477015979274,
    "holdout_qa_rouge": 0.8770260830399996
}