{
  "forget_qa_cos_sim": 0.6067751009650992,
  "holdout_qa_cos_sim": 0.9956754239797592
}