{
    "forget_qa_rouge": 0.4978907330567081,
    "holdout_qa_rouge": 0.9956666666666667
}