{
    "utility_1k/": " ",
    "utility_arc_200/acc": 0.84,
    "utility_arc_200/acc_stderr": 0.025988014245457703,
    "utility_mmlu_pro_400/acc": 0.375,
    "utility_mmlu_pro_400/acc_stderr": 0.02423646044779629,
    "utility_truthfulqa_bin_200/acc": 0.635,
    "utility_truthfulqa_bin_200/acc_stderr": 0.03412767927155775,
    "utility_winogrande_200/acc": 0.695,
    "utility_winogrande_200/acc_stderr": 0.03263741725420571
}