{
  "forget_qa_cos_sim": 0.6841074875034238,
  "holdout_qa_cos_sim": 0.9781511487364769
}