{
  "forget_qa_cos_sim": 0.5667089801049826,
  "holdout_qa_cos_sim": 0.4399805574119091
}