{
  "forget_qa_cos_sim": 0.9178938683261515,
  "holdout_qa_cos_sim": 0.9550319936573506
}