{
  "forget_qa_cos_sim": 0.7831714111554178,
  "holdout_qa_cos_sim": 0.8585886272788048
}