{
    "forget_qa_rouge": 0.9552213001383126,
    "holdout_qa_rouge": 0.9648333333333332
}