{
  "forget_qa_cos_sim": 0.4891975213197752,
  "holdout_qa_cos_sim": 0.7193047839999199
}