{
  "forget_qa_cos_sim": 0.6144153451647502,
  "holdout_qa_cos_sim": 0.8377409116625786
}