{
  "forget_qa_cos_sim": 0.943907344211434,
  "holdout_qa_cos_sim": 0.9724047731161117
}