{
    "forget_qa_rouge": 0.9054979253112033,
    "holdout_qa_rouge": 0.9536666666666668
}