{
  "forget_qa_cos_sim": 0.6999055441097971,
  "holdout_qa_cos_sim": 0.9930385596752167
}