{
    "forget_qa_rouge": 0.3404737206085754,
    "holdout_qa_rouge": 0.9886666666666667
}