{
  "forget_qa_cos_sim": 0.8751096598711251,
  "holdout_qa_cos_sim": 0.9303375678509473
}