{
  "forget_qa_cos_sim": 0.7528504263861968,
  "holdout_qa_cos_sim": 0.8369906347883926
}