{
    "forget_qa_rouge": 0.7508153158639439,
    "holdout_qa_rouge": 0.8382497224445533
}