{
  "forget_qa_cos_sim": 0.5165070051025924,
  "holdout_qa_cos_sim": 0.9787785523533821
}