{
    "forget_qa_rouge": 0.35392461964038724,
    "holdout_qa_rouge": 0.9636666666666667
}