{
  "forget_qa_cos_sim": 0.7952364256829642,
  "holdout_qa_cos_sim": 0.8716105605661869
}