{
  "forget_qa_cos_sim": 0.5210641748097984,
  "holdout_qa_cos_sim": 0.9361156902909279
}