{
  "forget_qa_cos_sim": 0.4967742192414345,
  "holdout_qa_cos_sim": 0.6192635390517021
}