{
    "forget_qa_rouge": 0.8361409460054823,
    "holdout_qa_rouge": 0.8915193542927141
}