{
  "forget_qa_cos_sim": 0.7062028265902116,
  "holdout_qa_cos_sim": 0.9872354778647423
}