{
  "forget_qa_cos_sim": 0.6051136924889078,
  "holdout_qa_cos_sim": 0.9970450863838196
}