{
  "forget_qa_cos_sim": 0.6148785312439096,
  "holdout_qa_cos_sim": 0.9248442667868536
}