{
    "forget_qa_rouge": 0.4400016640377876,
    "holdout_qa_rouge": 0.8888581211145822
}