{
  "forget_qa_cos_sim": 0.6226372857620607,
  "holdout_qa_cos_sim": 0.9986427893042564
}