{
  "forget_qa_cos_sim": 0.5040744735213978,
  "holdout_qa_cos_sim": 0.9410421659648418
}