{
    "forget_qa_rouge": 0.06466113416320886,
    "holdout_qa_rouge": 0.9113333333333333
}