{
  "forget_qa_cos_sim": 0.7135347344321334,
  "holdout_qa_cos_sim": 0.9906850000917912
}