{
    "utility_1k/": " ",
    "utility_arc_200/acc": 0.84,
    "utility_arc_200/acc_stderr": 0.025988014245457703,
    "utility_mmlu_pro_400/acc": 0.3775,
    "utility_mmlu_pro_400/acc_stderr": 0.024268431488608636,
    "utility_truthfulqa_bin_200/acc": 0.62,
    "utility_truthfulqa_bin_200/acc_stderr": 0.034408132730358205,
    "utility_winogrande_200/acc": 0.62,
    "utility_winogrande_200/acc_stderr": 0.0344081327303582
}