{
    "utility_1k/": " ",
    "utility_arc_200/acc": 0.815,
    "utility_arc_200/acc_stderr": 0.027525684670556546,
    "utility_mmlu_pro_400/acc": 0.325,
    "utility_mmlu_pro_400/acc_stderr": 0.023448070924389296,
    "utility_truthfulqa_bin_200/acc": 0.63,
    "utility_truthfulqa_bin_200/acc_stderr": 0.03422508997679329,
    "utility_winogrande_200/acc": 0.64,
    "utility_winogrande_200/acc_stderr": 0.034026297840400156
}