{
  "forget_qa_cos_sim": 0.7384859832167397,
  "holdout_qa_cos_sim": 0.8527887428196889
}