{
    "forget_qa_rouge": 0.7450949102998424,
    "holdout_qa_rouge": 0.8393732841048944
}