{
  "forget_qa_cos_sim": 0.08257086920193207,
  "holdout_qa_cos_sim": 0.08414404675416337
}