{
  "forget_qa_cos_sim": 0.5621377220106817,
  "holdout_qa_cos_sim": 0.7615771283507347
}