{
  "forget_qa_cos_sim": 0.7264427271820074,
  "holdout_qa_cos_sim": 0.8428461299611624
}