{
    "forget_qa_rouge": 0.7608260318663236,
    "holdout_qa_rouge": 0.8544839189968415
}