{
  "forget_qa_cos_sim": 0.8197711921022641,
  "holdout_qa_cos_sim": 0.9487345105409623
}