{
  "forget_qa_cos_sim": 0.5953544899937214,
  "holdout_qa_cos_sim": 0.9962386243343353
}