{
  "forget_qa_cos_sim": 0.7950529307436152,
  "holdout_qa_cos_sim": 0.9453280954658985
}