{
    "forget_qa_rouge": 0.9030082987551867,
    "holdout_qa_rouge": 0.9421666666666667
}