{
  "forget_qa_cos_sim": 0.939420952094541,
  "holdout_qa_cos_sim": 0.9577026127278805
}