{
  "forget_qa_cos_sim": 0.6126927714253857,
  "holdout_qa_cos_sim": 0.9980651472210884
}