{
  "forget_qa_cos_sim": 0.937719636716536,
  "holdout_qa_cos_sim": 0.9608794464170933
}