{
    "forget_qa_rouge": 0.8920124481327801,
    "holdout_qa_rouge": 0.9343333333333333
}