{
  "forget_qa_cos_sim": 0.5157130442992532,
  "holdout_qa_cos_sim": 0.9880956416726112
}