{
  "forget_qa_cos_sim": 0.5620454717097534,
  "holdout_qa_cos_sim": 0.9262330427879631
}