{
    "forget_qa_rouge": 0.30940272822002585,
    "holdout_qa_rouge": 0.8765459192894579
}