{
  "forget_qa_cos_sim": 0.7318339202537576,
  "holdout_qa_cos_sim": 0.9905126968026161
}