{
    "utility_1k/": " ",
    "utility_arc_200/acc": 0.85,
    "utility_arc_200/acc_stderr": 0.02531212194953126,
    "utility_mmlu_pro_400/acc": 0.3975,
    "utility_mmlu_pro_400/acc_stderr": 0.02449969310840472,
    "utility_truthfulqa_bin_200/acc": 0.73,
    "utility_truthfulqa_bin_200/acc_stderr": 0.031471451528433385,
    "utility_winogrande_200/acc": 0.65,
    "utility_winogrande_200/acc_stderr": 0.0338114785302567
}