{
  "forget_qa_cos_sim": 0.5275182401971357,
  "holdout_qa_cos_sim": 0.8424870892113605
}