{
    "forget_qa_rouge": 0.311763719665769,
    "holdout_qa_rouge": 0.759967683079015
}