{
  "forget_qa_cos_sim": 0.4736538357934363,
  "holdout_qa_cos_sim": 0.948157860412379
}