{
    "forget_qa_rouge": 0.1488522023690485,
    "holdout_qa_rouge": 0.9158728724335086
}