{
  "forget_qa_cos_sim": 0.7866105526933037,
  "holdout_qa_cos_sim": 0.9694666220545769
}