{
    "forget_qa_rouge": 0.26348547717842324,
    "holdout_qa_rouge": 0.9456666666666667
}