{
  "forget_qa_cos_sim": 0.6979428996591104,
  "holdout_qa_cos_sim": 0.8556894910707464
}