{
    "forget_qa_rouge": 0.5459229319944846,
    "holdout_qa_rouge": 0.7730188852455254
}