{
  "forget_qa_cos_sim": 0.7208394587032219,
  "holdout_qa_cos_sim": 0.9992153763771057
}