{
  "forget_qa_cos_sim": 0.47258843069125556,
  "holdout_qa_cos_sim": 0.6496853486631593
}