{
    "forget_qa_rouge": 0.8456610715902138,
    "holdout_qa_rouge": 0.8691666738386421
}