{
  "forget_qa_cos_sim": 0.6501045644020514,
  "holdout_qa_cos_sim": 0.9877405646443367
}