{
    "forget_qa_rouge": 0.26194674965421855,
    "holdout_qa_rouge": 0.9776666666666668
}