{
  "forget_qa_cos_sim": 0.4547771490121036,
  "holdout_qa_cos_sim": 0.9970868535041809
}