{
  "forget_qa_cos_sim": 0.7632210481444134,
  "holdout_qa_cos_sim": 0.8411544849028949
}