{
    "forget_qa_rouge": 0.6330560605308782,
    "holdout_qa_rouge": 0.7404015302126634
}