{
  "forget_qa_cos_sim": 0.756911565043434,
  "holdout_qa_cos_sim": 0.9977846376895905
}