{
  "forget_qa_cos_sim": 0.8149610972379748,
  "holdout_qa_cos_sim": 0.9022248028218747
}