{
  "forget_qa_cos_sim": 0.6975175735784146,
  "holdout_qa_cos_sim": 1.000000032544136
}