{
  "forget_qa_cos_sim": 0.7703987322515843,
  "holdout_qa_cos_sim": 0.9820261466503143
}