{
  "forget_qa_cos_sim": 0.6953339673138197,
  "holdout_qa_cos_sim": 0.9864921029210091
}