{
    "forget_qa_rouge": 0.3305497925311203,
    "holdout_qa_rouge": 0.9796666666666668
}