{
  "forget_qa_cos_sim": 0.7083434836235655,
  "holdout_qa_cos_sim": 0.993365816861391
}