{
    "forget_qa_rouge": 0.6027143845089903,
    "holdout_qa_rouge": 0.9886666666666667
}