{
  "forget_qa_cos_sim": 0.5831450453492611,
  "holdout_qa_cos_sim": 0.9781517686843118
}