{
    "forget_qa_rouge": 0.33835743682044483,
    "holdout_qa_rouge": 0.9643121071550496
}