{
  "forget_qa_cos_sim": 0.899069062747154,
  "holdout_qa_cos_sim": 0.8744108260869979
}