{
  "forget_qa_cos_sim": 0.7370634504373638,
  "holdout_qa_cos_sim": 0.9582710051238537
}