{
  "forget_qa_cos_sim": 0.9116277033115323,
  "holdout_qa_cos_sim": 0.9608411620557308
}