{
  "forget_qa_cos_sim": 0.7642559559168906,
  "holdout_qa_cos_sim": 0.9207137287952061
}