{
    "forget_qa_rouge": 0.6485719849214118,
    "holdout_qa_rouge": 0.8810458317913586
}