{
  "forget_qa_cos_sim": 0.3607012056417114,
  "holdout_qa_cos_sim": 0.9598730408549309
}