{
  "forget_qa_cos_sim": 0.7879047107576455,
  "holdout_qa_cos_sim": 0.920571169153781
}