{
    "forget_qa_rouge": 0.6876989515058289,
    "holdout_qa_rouge": 0.8789730591917471
}