{
  "forget_qa_cos_sim": 0.5097227094548125,
  "holdout_qa_cos_sim": 0.9803300050497055
}