{
  "forget_qa_cos_sim": 0.19395529447005658,
  "holdout_qa_cos_sim": 0.9297262852627379
}