{
    "forget_qa_rouge": 0.05520021832977721,
    "holdout_qa_rouge": 0.9021158044517885
}