{
  "forget_qa_cos_sim": 0.6896853937316827,
  "holdout_qa_cos_sim": 0.8358177321907635
}