{
    "forget_qa_rouge": 0.5432221159643875,
    "holdout_qa_rouge": 0.7444064329750213
}