{
  "forget_qa_cos_sim": 0.8636377873633413,
  "holdout_qa_cos_sim": 0.9353878524899483
}