{
  "forget_qa_cos_sim": 0.8953581459480202,
  "holdout_qa_cos_sim": 0.8764114856123925
}