{
  "forget_qa_cos_sim": 0.6291040053506115,
  "holdout_qa_cos_sim": 0.9880981211662292
}