{
  "forget_qa_cos_sim": 0.510326311409597,
  "holdout_qa_cos_sim": 0.9922228989601135
}