{
  "forget_qa_cos_sim": 0.6709804325770293,
  "holdout_qa_cos_sim": 0.9678945883512496
}