{
    "utility_1k/": " ",
    "utility_arc_200/acc": 0.785,
    "utility_arc_200/acc_stderr": 0.02912242397001744,
    "utility_mmlu_pro_400/acc": 0.315,
    "utility_mmlu_pro_400/acc_stderr": 0.02325488064222669,
    "utility_truthfulqa_bin_200/acc": 0.605,
    "utility_truthfulqa_bin_200/acc_stderr": 0.03465370682892271,
    "utility_winogrande_200/acc": 0.575,
    "utility_winogrande_200/acc_stderr": 0.03504304603451135
}