{
  "forget_qa_cos_sim": 0.537039844193711,
  "holdout_qa_cos_sim": 0.8611406262141929
}