{
    "forget_qa_rouge": 0.35513477202431704,
    "holdout_qa_rouge": 0.7865374850464314
}