{
  "forget_qa_cos_sim": 0.8364636080640975,
  "holdout_qa_cos_sim": 0.9595074696838856
}