{
  "forget_qa_cos_sim": 0.7191019324408032,
  "holdout_qa_cos_sim": 0.9440051466822624
}