{
    "forget_qa_rouge": 0.7559820193637621,
    "holdout_qa_rouge": 0.9448333333333333
}