{
  "forget_qa_cos_sim": 0.7761937552344255,
  "holdout_qa_cos_sim": 0.8464127787202597
}