{
  "forget_qa_cos_sim": 0.6946976949070499,
  "holdout_qa_cos_sim": 0.9950589835643768
}