{
  "forget_qa_cos_sim": 0.8253011681927809,
  "holdout_qa_cos_sim": 0.9462601300179958
}