{
    "forget_qa_rouge": 0.48447441217150755,
    "holdout_qa_rouge": 0.9023333333333333
}