{
  "forget_qa_cos_sim": 0.6908193870575101,
  "holdout_qa_cos_sim": 0.9687044544517994
}