{
  "forget_qa_cos_sim": 0.6539747242224538,
  "holdout_qa_cos_sim": 0.9744389428496361
}