{
    "forget_qa_rouge": 0.262551867219917,
    "holdout_qa_rouge": 0.9501666666666667
}