{
  "forget_qa_cos_sim": 0.7374559941514939,
  "holdout_qa_cos_sim": 0.937319851259755
}