{
    "forget_qa_rouge": 0.6017907327129279,
    "holdout_qa_rouge": 0.9023076547927443
}