{
    "utility_1k/": " ",
    "utility_arc_200/acc": 0.865,
    "utility_arc_200/acc_stderr": 0.024224141785131013,
    "utility_mmlu_pro_400/acc": 0.3725,
    "utility_mmlu_pro_400/acc_stderr": 0.024203800008203095,
    "utility_truthfulqa_bin_200/acc": 0.715,
    "utility_truthfulqa_bin_200/acc_stderr": 0.03199992148231577,
    "utility_winogrande_200/acc": 0.69,
    "utility_winogrande_200/acc_stderr": 0.032785276754349606
}