{
  "forget_qa_cos_sim": 0.6662961942649975,
  "holdout_qa_cos_sim": 0.9888910346627235
}