{
    "forget_qa_rouge": 0.009854771784232365,
    "holdout_qa_rouge": 0.9746666666666667
}