{
  "forget_qa_cos_sim": 0.6077262371365717,
  "holdout_qa_cos_sim": 0.8279515490795661
}