{
    "forget_qa_rouge": 0.42807035020477185,
    "holdout_qa_rouge": 0.7328310081789207
}