{
  "forget_qa_cos_sim": 0.18407191756414654,
  "holdout_qa_cos_sim": 0.8864265021445732
}