{
    "forget_qa_rouge": 0.055888701434029665,
    "holdout_qa_rouge": 0.8279076622515986
}