{
  "forget_qa_cos_sim": 0.6581269633797813,
  "holdout_qa_cos_sim": 0.9085775784105062
}