{
  "forget_qa_cos_sim": 0.7497662674341954,
  "holdout_qa_cos_sim": 0.9875340816378594
}