{
    "forget_qa_rouge": 0.6891078838174274,
    "holdout_qa_rouge": 0.9811666666666667
}