{
  "forget_qa_cos_sim": 0.7681809793556056,
  "holdout_qa_cos_sim": 0.9123765827819285
}