{
    "forget_qa_rouge": 0.6532229830684155,
    "holdout_qa_rouge": 0.8647196187951656
}