{
    "forget_qa_rouge": 0.3630359612724758,
    "holdout_qa_rouge": 0.9826666666666667
}