{
    "utility_1k/": " ",
    "utility_arc_200/acc": 0.72,
    "utility_arc_200/acc_stderr": 0.03182868716477582,
    "utility_mmlu_pro_400/acc": 0.2625,
    "utility_mmlu_pro_400/acc_stderr": 0.022027196108925222,
    "utility_truthfulqa_bin_200/acc": 0.57,
    "utility_truthfulqa_bin_200/acc_stderr": 0.035094989549183275,
    "utility_winogrande_200/acc": 0.585,
    "utility_winogrande_200/acc_stderr": 0.034928138718973496
}