{
  "forget_qa_cos_sim": 0.5849294061173542,
  "holdout_qa_cos_sim": 0.8365728708207607
}