{
    "forget_qa_rouge": 0.9206431535269709,
    "holdout_qa_rouge": 0.9536666666666667
}