{
  "forget_qa_cos_sim": 0.943666883956842,
  "holdout_qa_cos_sim": 0.9658611056506634
}