{
    "forget_qa_rouge": 0.8932226832641771,
    "holdout_qa_rouge": 0.9386666666666666
}