{
    "forget_qa_rouge": 0.4765387275242047,
    "holdout_qa_rouge": 0.9896666666666667
}