{
    "utility_1k/": " ",
    "utility_arc_200/acc": 0.85,
    "utility_arc_200/acc_stderr": 0.02531212194953126,
    "utility_mmlu_pro_400/acc": 0.335,
    "utility_mmlu_pro_400/acc_stderr": 0.02362907813126299,
    "utility_truthfulqa_bin_200/acc": 0.735,
    "utility_truthfulqa_bin_200/acc_stderr": 0.03128528159088722,
    "utility_winogrande_200/acc": 0.635,
    "utility_winogrande_200/acc_stderr": 0.03412767927155775
}