{
  "forget_qa_cos_sim": 0.8560439871925536,
  "holdout_qa_cos_sim": 0.9611757622361183
}