{
  "forget_qa_cos_sim": 0.7072182019778307,
  "holdout_qa_cos_sim": 0.9808963937163353
}