{
    "forget_qa_rouge": 0.618222683264177,
    "holdout_qa_rouge": 0.9716666666666668
}