{
  "forget_qa_cos_sim": 0.5835957279342792,
  "holdout_qa_cos_sim": 0.886789197085357
}