{
    "forget_qa_rouge": 0.3402881216271282,
    "holdout_qa_rouge": 0.8176424856345333
}