{
    "utility_1k/": " ",
    "utility_arc_200/acc": 0.795,
    "utility_arc_200/acc_stderr": 0.02861764926136017,
    "utility_mmlu_pro_400/acc": 0.3125,
    "utility_mmlu_pro_400/acc_stderr": 0.023204644228784484,
    "utility_truthfulqa_bin_200/acc": 0.59,
    "utility_truthfulqa_bin_200/acc_stderr": 0.03486513859784927,
    "utility_winogrande_200/acc": 0.6,
    "utility_winogrande_200/acc_stderr": 0.034727944810393895
}