{
  "forget_qa_cos_sim": 0.7328922315751863,
  "holdout_qa_cos_sim": 0.9630860508680343
}