{
  "forget_qa_cos_sim": 0.16753914587912672,
  "holdout_qa_cos_sim": 0.1262417631475255
}