{
    "forget_qa_rouge": 0.015560165975103735,
    "holdout_qa_rouge": 0.004666666666666666
}