{
  "forget_qa_cos_sim": 0.49840831622110365,
  "holdout_qa_cos_sim": 0.5624022950008511
}