{
  "forget_qa_cos_sim": 0.608036467627742,
  "holdout_qa_cos_sim": 0.992451568543911
}