{
    "forget_qa_rouge": 0.20907676348547716,
    "holdout_qa_rouge": 0.9876666666666667
}