{
  "forget_qa_cos_sim": 0.9081188646218589,
  "holdout_qa_cos_sim": 0.9711729784011841
}