{
  "forget_qa_cos_sim": 0.7477158048804617,
  "holdout_qa_cos_sim": 0.8133635610938073
}