{
    "utility_1k/": " ",
    "utility_arc_200/acc": 0.28,
    "utility_arc_200/acc_stderr": 0.03182868716477582,
    "utility_mmlu_pro_400/acc": 0.205,
    "utility_mmlu_pro_400/acc_stderr": 0.020210359883399965,
    "utility_truthfulqa_bin_200/acc": 0.53,
    "utility_truthfulqa_bin_200/acc_stderr": 0.03538020341900046,
    "utility_winogrande_200/acc": 0.53,
    "utility_winogrande_200/acc_stderr": 0.035380203419000465
}