{
  "forget_qa_cos_sim": 0.7048402423062265,
  "holdout_qa_cos_sim": 0.9955799896717071
}