{
  "forget_qa_cos_sim": 0.7329967354435891,
  "holdout_qa_cos_sim": 0.8819483130127191
}