{
    "forget_qa_rouge": 0.9381051175656984,
    "holdout_qa_rouge": 0.9656666666666668
}