{
  "forget_qa_cos_sim": 0.6761919882967758,
  "holdout_qa_cos_sim": 0.9872638603150845
}