{
    "forget_qa_rouge": 0.019190871369294607,
    "holdout_qa_rouge": 0.9746666666666667
}