{
  "forget_qa_cos_sim": 0.5947817028792897,
  "holdout_qa_cos_sim": 0.9127633305235865
}