{
    "forget_qa_rouge": 0.3683929680369417,
    "holdout_qa_rouge": 0.8585966165489028
}