{
  "forget_qa_cos_sim": 0.5516037316083877,
  "holdout_qa_cos_sim": 0.9857354293869074
}