{
    "forget_qa_rouge": 0.28446875092411733,
    "holdout_qa_rouge": 0.9767361200760802
}