{
  "forget_qa_cos_sim": 0.622943757372402,
  "holdout_qa_cos_sim": 0.9943834070563317
}