{
    "forget_qa_rouge": 0.48775933609958505,
    "holdout_qa_rouge": 0.9926666666666667
}