{
  "forget_qa_cos_sim": 0.7602917763454785,
  "holdout_qa_cos_sim": 0.9428387982547283
}