{
    "forget_qa_rouge": 0.4053250345781466,
    "holdout_qa_rouge": 0.8963333333333334
}