{
    "utility_1k/": " ",
    "utility_arc_200/acc": 0.86,
    "utility_arc_200/acc_stderr": 0.024597258498217683,
    "utility_mmlu_pro_400/acc": 0.3675,
    "utility_mmlu_pro_400/acc_stderr": 0.02413639967919174,
    "utility_truthfulqa_bin_200/acc": 0.705,
    "utility_truthfulqa_bin_200/acc_stderr": 0.03232801420614266,
    "utility_winogrande_200/acc": 0.695,
    "utility_winogrande_200/acc_stderr": 0.0326374172542057
}