{
  "forget_qa_cos_sim": 0.687380336472355,
  "holdout_qa_cos_sim": 0.7777466381788254
}