{
    "forget_qa_rouge": 0.9366355463347166,
    "holdout_qa_rouge": 0.9706666666666667
}