{
  "forget_qa_cos_sim": 0.6613012301229343,
  "holdout_qa_cos_sim": 0.9901512117981911
}