{
  "forget_qa_cos_sim": 0.9104761546825473,
  "holdout_qa_cos_sim": 0.9331723111271858
}