{
  "forget_qa_cos_sim": 0.4039504017016205,
  "holdout_qa_cos_sim": 0.22009093149006367
}