{
    "forget_qa_rouge": 0.16827455048409404,
    "holdout_qa_rouge": 0.07783333333333332
}