{
  "forget_qa_cos_sim": 0.6613196071765258,
  "holdout_qa_cos_sim": 0.9218163458576917
}