{
    "forget_qa_rouge": 0.4999578602478915,
    "holdout_qa_rouge": 0.8852529842589485
}