{
  "forget_qa_cos_sim": 0.7628459786973059,
  "holdout_qa_cos_sim": 0.930213056832552
}