{
  "forget_qa_cos_sim": 0.6798010626305435,
  "holdout_qa_cos_sim": 0.5559890535622836
}