{
  "forget_qa_cos_sim": 0.725184735432513,
  "holdout_qa_cos_sim": 0.8287354425198761
}