{
    "forget_qa_rouge": 0.6080485422878615,
    "holdout_qa_rouge": 0.7404269190054478
}