{
    "utility_1k/": " ",
    "utility_arc_200/acc": 0.28,
    "utility_arc_200/acc_stderr": 0.03182868716477582,
    "utility_mmlu_pro_400/acc": 0.19,
    "utility_mmlu_pro_400/acc_stderr": 0.019639610121239277,
    "utility_truthfulqa_bin_200/acc": 0.485,
    "utility_truthfulqa_bin_200/acc_stderr": 0.03542810683297719,
    "utility_winogrande_200/acc": 0.57,
    "utility_winogrande_200/acc_stderr": 0.03509498954918328
}