{
  "forget_qa_cos_sim": 0.5266476225427514,
  "holdout_qa_cos_sim": 0.9784351471786621
}