{
    "forget_qa_rouge": 0.24926969040376473,
    "holdout_qa_rouge": 0.9663991519856331
}