{
  "forget_qa_cos_sim": 0.9060649338846879,
  "holdout_qa_cos_sim": 0.9597324941158295
}