{
  "forget_qa_cos_sim": 0.4131643771506939,
  "holdout_qa_cos_sim": 0.9561519256532193
}