{
  "forget_qa_cos_sim": 0.6279967966184206,
  "holdout_qa_cos_sim": 0.9988685787916184
}