{
    "utility_1k/": " ",
    "utility_arc_200/acc": 0.8,
    "utility_arc_200/acc_stderr": 0.0283552482003334,
    "utility_mmlu_pro_400/acc": 0.3325,
    "utility_mmlu_pro_400/acc_stderr": 0.023584952830141538,
    "utility_truthfulqa_bin_200/acc": 0.68,
    "utility_truthfulqa_bin_200/acc_stderr": 0.03306761764450865,
    "utility_winogrande_200/acc": 0.565,
    "utility_winogrande_200/acc_stderr": 0.03514328173714407
}