{
  "forget_qa_cos_sim": 0.5211748850157029,
  "holdout_qa_cos_sim": 0.9791393085420131
}