{
    "utility_1k/": " ",
    "utility_arc_200/acc": 0.865,
    "utility_arc_200/acc_stderr": 0.024224141785131013,
    "utility_mmlu_pro_400/acc": 0.3675,
    "utility_mmlu_pro_400/acc_stderr": 0.024136399679191744,
    "utility_truthfulqa_bin_200/acc": 0.7,
    "utility_truthfulqa_bin_200/acc_stderr": 0.03248501780682212,
    "utility_winogrande_200/acc": 0.7,
    "utility_winogrande_200/acc_stderr": 0.03248501780682212
}