{
  "forget_qa_cos_sim": 0.6908454443656558,
  "holdout_qa_cos_sim": 0.9822250382602215
}