{
  "forget_qa_cos_sim": 0.5923165855195017,
  "holdout_qa_cos_sim": 0.9848781400620937
}