{
  "forget_qa_cos_sim": 0.821097198294097,
  "holdout_qa_cos_sim": 0.9821716867089272
}