{
    "forget_qa_rouge": 0.5329183955739972,
    "holdout_qa_rouge": 0.9693333333333334
}