{
  "forget_qa_cos_sim": 0.9068808010875932,
  "holdout_qa_cos_sim": 0.9585273712575436
}