{
    "forget_qa_rouge": 0.8335753803596126,
    "holdout_qa_rouge": 0.9281666666666667
}