{
  "forget_qa_cos_sim": 0.6458543763646694,
  "holdout_qa_cos_sim": 1.000000032544136
}