{
  "forget_qa_cos_sim": 0.7346965188012381,
  "holdout_qa_cos_sim": 0.9497391403138169
}