{
    "forget_qa_rouge": 0.5929472865909129,
    "holdout_qa_rouge": 0.9162821770674653
}