{
  "forget_qa_cos_sim": 0.5147325384364893,
  "holdout_qa_cos_sim": 0.9744345668554306
}