{
    "forget_qa_rouge": 0.37174965421853384,
    "holdout_qa_rouge": 0.9621666666666667
}