{
  "forget_qa_cos_sim": 0.09699528397319847,
  "holdout_qa_cos_sim": 0.07771233005449175
}