{
  "forget_qa_cos_sim": 0.7212827201484397,
  "holdout_qa_cos_sim": 0.9858619866371154
}