{
  "forget_qa_cos_sim": 0.5605929530500067,
  "holdout_qa_cos_sim": 0.9751642715632916
}