{
    "forget_qa_rouge": 0.4255186721991701,
    "holdout_qa_rouge": 0.9608333333333333
}