{
  "forget_qa_cos_sim": 0.7133665084568358,
  "holdout_qa_cos_sim": 0.993418919056654
}