{
  "forget_qa_cos_sim": 0.6775796898636828,
  "holdout_qa_cos_sim": 0.9793715329170227
}