{
    "forget_qa_rouge": 0.6498271092669433,
    "holdout_qa_rouge": 0.9731666666666667
}