{
  "forget_qa_cos_sim": 0.5225418799108114,
  "holdout_qa_cos_sim": 0.934947532254744
}