{
    "forget_qa_rouge": 0.24322864430540708,
    "holdout_qa_rouge": 0.8934976002570437
}