{
  "forget_qa_cos_sim": 0.8915492138860137,
  "holdout_qa_cos_sim": 0.9782651988863945
}