{
    "forget_qa_rouge": 0.8843360995850622,
    "holdout_qa_rouge": 0.9733333333333333
}