{
  "forget_qa_cos_sim": 0.5094837169298183,
  "holdout_qa_cos_sim": 0.9782612099349499
}