{
  "forget_qa_cos_sim": 0.6779016148283521,
  "holdout_qa_cos_sim": 0.5161852018721401
}