{
  "forget_qa_cos_sim": 0.7308373790528022,
  "holdout_qa_cos_sim": 0.9766030016839504
}