{
    "utility_1k/": " ",
    "utility_arc_200/acc": 0.605,
    "utility_arc_200/acc_stderr": 0.03465370682892271,
    "utility_mmlu_pro_400/acc": 0.2125,
    "utility_mmlu_pro_400/acc_stderr": 0.020479450547728116,
    "utility_truthfulqa_bin_200/acc": 0.72,
    "utility_truthfulqa_bin_200/acc_stderr": 0.03182868716477581,
    "utility_winogrande_200/acc": 0.59,
    "utility_winogrande_200/acc_stderr": 0.03486513859784926
}