{
  "forget_qa_cos_sim": 0.17767065379654742,
  "holdout_qa_cos_sim": 0.9635235687630942
}