{
    "forget_qa_rouge": 0.05427355728675631,
    "holdout_qa_rouge": 0.947153012659971
}