{
  "forget_qa_cos_sim": 0.5851849822671039,
  "holdout_qa_cos_sim": 0.9008929360342832
}