{
    "forget_qa_rouge": 0.3341360185490092,
    "holdout_qa_rouge": 0.8328325142937467
}