{
  "forget_qa_cos_sim": 0.6708019082724306,
  "holdout_qa_cos_sim": 0.8895866244733334
}