{
  "forget_qa_cos_sim": 0.7760306064394994,
  "holdout_qa_cos_sim": 0.8443679471462965
}