{
  "forget_qa_cos_sim": 0.5316667214144192,
  "holdout_qa_cos_sim": 0.8780600122064353
}