{
    "forget_qa_rouge": 0.15705394190871366,
    "holdout_qa_rouge": 0.7807999999999999
}