{
  "forget_qa_cos_sim": 0.6108759467183674,
  "holdout_qa_cos_sim": 0.8748581964319267
}