{
    "forget_qa_rouge": 0.3873769075662094,
    "holdout_qa_rouge": 0.792555130974614
}