{
  "forget_qa_cos_sim": 0.9450615492970122,
  "holdout_qa_cos_sim": 0.9729463857710361
}