{
  "forget_qa_cos_sim": 0.299388259141562,
  "holdout_qa_cos_sim": 0.8830225713569223
}