{
    "forget_qa_rouge": 0.5303251464679044,
    "holdout_qa_rouge": 0.8864324873271195
}