{
  "forget_qa_cos_sim": 0.7977077474979939,
  "holdout_qa_cos_sim": 0.9596157303452492
}