{
  "forget_qa_cos_sim": 0.7889948681429708,
  "holdout_qa_cos_sim": 0.9756520499587059
}