{
  "forget_qa_cos_sim": 0.5972910285057863,
  "holdout_qa_cos_sim": 0.962945628285408
}