{
    "forget_qa_rouge": 0.07676348547717843,
    "holdout_qa_rouge": 0.9343333333333333
}