{
  "forget_qa_cos_sim": 0.7133661002181432,
  "holdout_qa_cos_sim": 0.8300346432047693
}