{
    "forget_qa_rouge": 0.5955599136304242,
    "holdout_qa_rouge": 0.7432463659600836
}