{
  "forget_qa_cos_sim": 0.48688917890330197,
  "holdout_qa_cos_sim": 0.9899471034407615
}