{
    "forget_qa_rouge": 0.05229944674965421,
    "holdout_qa_rouge": 0.9846666666666666
}