{
    "forget_qa_rouge": 0.19193345152011354,
    "holdout_qa_rouge": 0.9788049480892422
}