{
  "forget_qa_cos_sim": 0.5101330082963204,
  "holdout_qa_cos_sim": 0.9775065225652559
}