{
    "forget_qa_rouge": 0.21503753858738225,
    "holdout_qa_rouge": 0.9612911276927181
}