{
    "utility_1k/": " ",
    "utility_arc_200/acc": 0.85,
    "utility_arc_200/acc_stderr": 0.02531212194953126,
    "utility_mmlu_pro_400/acc": 0.345,
    "utility_mmlu_pro_400/acc_stderr": 0.023798180255192702,
    "utility_truthfulqa_bin_200/acc": 0.74,
    "utility_truthfulqa_bin_200/acc_stderr": 0.031093957143700265,
    "utility_winogrande_200/acc": 0.645,
    "utility_winogrande_200/acc_stderr": 0.033920910080708536
}