{
  "forget_qa_cos_sim": 0.6695462943770615,
  "holdout_qa_cos_sim": 0.8891201499464438
}