{
    "forget_qa_rouge": 0.6847287944196593,
    "holdout_qa_rouge": 0.8772344289242898
}