{
  "forget_qa_cos_sim": 0.6524956670755915,
  "holdout_qa_cos_sim": 0.9775848680138588
}