{
  "forget_qa_cos_sim": 0.46287184158394196,
  "holdout_qa_cos_sim": 0.6998809084296227
}