{
    "forget_qa_rouge": 0.9123443983402489,
    "holdout_qa_rouge": 0.9613333333333333
}