{
  "forget_qa_cos_sim": 0.8630843064148768,
  "holdout_qa_cos_sim": 0.9728097213506699
}