{
    "utility_1k/": " ",
    "utility_arc_200/acc": 0.8,
    "utility_arc_200/acc_stderr": 0.0283552482003334,
    "utility_mmlu_pro_400/acc": 0.3375,
    "utility_mmlu_pro_400/acc_stderr": 0.023672459490848532,
    "utility_truthfulqa_bin_200/acc": 0.63,
    "utility_truthfulqa_bin_200/acc_stderr": 0.03422508997679329,
    "utility_winogrande_200/acc": 0.645,
    "utility_winogrande_200/acc_stderr": 0.033920910080708536
}