{
  "forget_qa_cos_sim": 0.5372162319534299,
  "holdout_qa_cos_sim": 0.9719770350307226
}