{
    "forget_qa_rouge": 0.12439488243430151,
    "holdout_qa_rouge": 0.9521666666666666
}