{
  "forget_qa_cos_sim": 0.7542040768500681,
  "holdout_qa_cos_sim": 0.9745201315879822
}