{
    "forget_qa_rouge": 0.16597510373443983,
    "holdout_qa_rouge": 0.9496666666666668
}