{
  "forget_qa_cos_sim": 0.8560616215806903,
  "holdout_qa_cos_sim": 0.9814777198433876
}