{
    "forget_qa_rouge": 0.5783540802213001,
    "holdout_qa_rouge": 0.9693333333333334
}