{
  "forget_qa_cos_sim": 0.8414324803038257,
  "holdout_qa_cos_sim": 0.9549148577749729
}