{
    "forget_qa_rouge": 0.880463347164592,
    "holdout_qa_rouge": 0.9461666666666667
}