{
  "forget_qa_cos_sim": 0.8409796488003736,
  "holdout_qa_cos_sim": 0.9768025395274162
}