{
    "forget_qa_rouge": 0.5349066390041494,
    "holdout_qa_rouge": 0.9541666666666667
}