{
  "forget_qa_cos_sim": 0.7797856567069738,
  "holdout_qa_cos_sim": 0.9128679523430328
}