{
    "forget_qa_rouge": 0.6756015722149796,
    "holdout_qa_rouge": 0.8670142205927495
}