{
  "forget_qa_cos_sim": 0.6822560426790685,
  "holdout_qa_cos_sim": 0.9816478313803673
}