{
  "forget_qa_cos_sim": 0.7759508747654699,
  "holdout_qa_cos_sim": 0.8986912254195613
}