{
    "forget_qa_rouge": 0.6639407397048939,
    "holdout_qa_rouge": 0.8401908892962571
}