{
  "forget_qa_cos_sim": 0.6586131361444554,
  "holdout_qa_cos_sim": 0.9087575039565563
}