{
    "forget_qa_rouge": 0.8996023513139696,
    "holdout_qa_rouge": 0.9566666666666668
}