{
  "forget_qa_cos_sim": 0.2799473809140166,
  "holdout_qa_cos_sim": 0.9822209885120392
}