{
    "utility_1k/": " ",
    "utility_arc_200/acc": 0.8,
    "utility_arc_200/acc_stderr": 0.0283552482003334,
    "utility_mmlu_pro_400/acc": 0.33,
    "utility_mmlu_pro_400/acc_stderr": 0.02354007940398386,
    "utility_truthfulqa_bin_200/acc": 0.685,
    "utility_truthfulqa_bin_200/acc_stderr": 0.032928657464464904,
    "utility_winogrande_200/acc": 0.6,
    "utility_winogrande_200/acc_stderr": 0.0347279448103939
}