{
  "forget_qa_cos_sim": 0.8041525396877799,
  "holdout_qa_cos_sim": 0.9333042766451836
}