{
    "forget_qa_rouge": 0.9216113416320886,
    "holdout_qa_rouge": 0.9521666666666666
}