{
  "forget_qa_cos_sim": 0.7567032463925879,
  "holdout_qa_cos_sim": 0.9759109675884247
}