{
  "forget_qa_cos_sim": 0.5332538266047928,
  "holdout_qa_cos_sim": 0.9767732847332954
}