{
  "forget_qa_cos_sim": 0.40434491179141513,
  "holdout_qa_cos_sim": 0.9575032874345779
}