{
    "forget_qa_rouge": 0.02202627939142462,
    "holdout_qa_rouge": 0.9296666666666666
}