{
    "utility_1k/": " ",
    "utility_arc_200/acc": 0.87,
    "utility_arc_200/acc_stderr": 0.023839918383725914,
    "utility_mmlu_pro_400/acc": 0.3825,
    "utility_mmlu_pro_400/acc_stderr": 0.02433031618607294,
    "utility_truthfulqa_bin_200/acc": 0.705,
    "utility_truthfulqa_bin_200/acc_stderr": 0.032328014206142675,
    "utility_winogrande_200/acc": 0.645,
    "utility_winogrande_200/acc_stderr": 0.033920910080708536
}