{
  "forget_qa_cos_sim": 0.6429539173841476,
  "holdout_qa_cos_sim": 0.9870014416575432
}