{
  "forget_qa_cos_sim": 0.9079189073619012,
  "holdout_qa_cos_sim": 0.9511011636555194
}