{
    "forget_qa_rouge": 0.9019709543568465,
    "holdout_qa_rouge": 0.9513333333333333
}