{
  "forget_qa_cos_sim": 0.7130738584579769,
  "holdout_qa_cos_sim": 0.9643091872930527
}