{
    "forget_qa_rouge": 0.11566390041493776,
    "holdout_qa_rouge": 0.9321666666666667
}