{
    "utility_1k/": " ",
    "utility_arc_200/acc": 0.27,
    "utility_arc_200/acc_stderr": 0.031471451528433385,
    "utility_mmlu_pro_400/acc": 0.1925,
    "utility_mmlu_pro_400/acc_stderr": 0.01973786547054499,
    "utility_truthfulqa_bin_200/acc": 0.485,
    "utility_truthfulqa_bin_200/acc_stderr": 0.03542810683297719,
    "utility_winogrande_200/acc": 0.525,
    "utility_winogrande_200/acc_stderr": 0.0353997274497642
}