{
  "forget_qa_cos_sim": 0.6584011525904984,
  "holdout_qa_cos_sim": 0.9982147961854935
}