{
  "forget_qa_cos_sim": 0.9167996355606807,
  "holdout_qa_cos_sim": 0.9697734177112579
}