{
    "forget_qa_rouge": 0.7821576763485477,
    "holdout_qa_rouge": 0.9471666666666666
}