{
  "forget_qa_cos_sim": 0.7202018254602722,
  "holdout_qa_cos_sim": 0.9960385918021202
}