{
  "forget_qa_cos_sim": 0.3842468414633415,
  "holdout_qa_cos_sim": 0.9822948371767998
}