{
  "forget_qa_cos_sim": 0.8350941266215317,
  "holdout_qa_cos_sim": 0.9753641662299632
}