{
    "forget_qa_rouge": 0.5110131396957123,
    "holdout_qa_rouge": 0.9576666666666668
}