{
  "forget_qa_cos_sim": 0.35070365214524335,
  "holdout_qa_cos_sim": 0.7910207616639611
}