{
    "forget_qa_rouge": 0.6303161872283095,
    "holdout_qa_rouge": 0.8386322038906531
}