{
  "forget_qa_cos_sim": 0.7284410575760288,
  "holdout_qa_cos_sim": 0.9919824149608613
}