{
  "forget_qa_cos_sim": 0.5966730936047818,
  "holdout_qa_cos_sim": 0.9710396853387355
}