{
  "forget_qa_cos_sim": 0.9355462262120979,
  "holdout_qa_cos_sim": 0.9655565060377121
}