{
  "forget_qa_cos_sim": 0.9601976760350075,
  "holdout_qa_cos_sim": 0.9577464398741722
}