{
    "forget_qa_rouge": 0.9179979253112034,
    "holdout_qa_rouge": 0.9388333333333333
}