{
    "utility_1k/": " ",
    "utility_arc_200/acc": 0.865,
    "utility_arc_200/acc_stderr": 0.024224141785131013,
    "utility_mmlu_pro_400/acc": 0.4075,
    "utility_mmlu_pro_400/acc_stderr": 0.024599231297971973,
    "utility_truthfulqa_bin_200/acc": 0.685,
    "utility_truthfulqa_bin_200/acc_stderr": 0.03292865746446489,
    "utility_winogrande_200/acc": 0.645,
    "utility_winogrande_200/acc_stderr": 0.033920910080708536
}