{
  "forget_qa_cos_sim": 0.689236297708824,
  "holdout_qa_cos_sim": 0.9942868863344192
}