{
  "forget_qa_cos_sim": 0.79059561119411,
  "holdout_qa_cos_sim": 0.9006998820602894
}