{
  "forget_qa_cos_sim": 0.6545724217698782,
  "holdout_qa_cos_sim": 0.9912886632084846
}