{
  "forget_qa_cos_sim": 0.7100309033827911,
  "holdout_qa_cos_sim": 0.9939541041851043
}