{
  "forget_qa_cos_sim": 0.6058304908982945,
  "holdout_qa_cos_sim": 0.9869090664088727
}