{
  "forget_qa_cos_sim": 0.7560243203007149,
  "holdout_qa_cos_sim": 0.9935131278038025
}