{
    "forget_qa_rouge": 0.40990663900414936,
    "holdout_qa_rouge": 0.9878333333333333
}