{
  "forget_qa_cos_sim": 0.586576592625424,
  "holdout_qa_cos_sim": 0.9781174808144569
}