{
    "forget_qa_rouge": 0.6628630705394191,
    "holdout_qa_rouge": 0.9781666666666666
}