{
  "forget_qa_cos_sim": 0.49111915064491035,
  "holdout_qa_cos_sim": 0.9831152177263794
}