{
    "forget_qa_rouge": 0.17601839613822942,
    "holdout_qa_rouge": 0.9719124646063017
}