{
    "utility_1k/": " ",
    "utility_arc_200/acc": 0.85,
    "utility_arc_200/acc_stderr": 0.025312121949531256,
    "utility_mmlu_pro_400/acc": 0.3925,
    "utility_mmlu_pro_400/acc_stderr": 0.024445927747963316,
    "utility_truthfulqa_bin_200/acc": 0.675,
    "utility_truthfulqa_bin_200/acc_stderr": 0.0332022127978448,
    "utility_winogrande_200/acc": 0.67,
    "utility_winogrande_200/acc_stderr": 0.033332495801873405
}