{
  "forget_qa_cos_sim": 0.6411251724693785,
  "holdout_qa_cos_sim": 0.9126206255555153
}