{
    "forget_qa_rouge": 0.9185684647302904,
    "holdout_qa_rouge": 0.9426666666666668
}