{
  "forget_qa_cos_sim": 0.674054634521611,
  "holdout_qa_cos_sim": 0.9941937491297722
}