{
  "forget_qa_cos_sim": 0.711569708350783,
  "holdout_qa_cos_sim": 0.9952847765982151
}