{
  "forget_qa_cos_sim": 0.28415351176728887,
  "holdout_qa_cos_sim": 0.9387071095947321
}