{
    "forget_qa_rouge": 0.4801792800229758,
    "holdout_qa_rouge": 0.9332328539585001
}