{
    "utility_1k/": " ",
    "utility_arc_200/acc": 0.805,
    "utility_arc_200/acc_stderr": 0.028085923439997284,
    "utility_mmlu_pro_400/acc": 0.3325,
    "utility_mmlu_pro_400/acc_stderr": 0.02358495283014154,
    "utility_truthfulqa_bin_200/acc": 0.71,
    "utility_truthfulqa_bin_200/acc_stderr": 0.03216633903375033,
    "utility_winogrande_200/acc": 0.63,
    "utility_winogrande_200/acc_stderr": 0.03422508997679329
}