{
  "forget_qa_cos_sim": 0.6573847426032339,
  "holdout_qa_cos_sim": 0.8946224941600894
}