{
    "forget_qa_rouge": 0.4640695272077697,
    "holdout_qa_rouge": 0.8285351383760927
}