{
  "forget_qa_cos_sim": 0.15537844302528028,
  "holdout_qa_cos_sim": 0.9789168078306919
}