{
    "forget_qa_rouge": 0.04221579913660497,
    "holdout_qa_rouge": 0.97254912085926
}