{
    "utility_1k/": " ",
    "utility_arc_200/acc": 0.815,
    "utility_arc_200/acc_stderr": 0.027525684670556546,
    "utility_mmlu_pro_400/acc": 0.3725,
    "utility_mmlu_pro_400/acc_stderr": 0.024203800008203095,
    "utility_truthfulqa_bin_200/acc": 0.68,
    "utility_truthfulqa_bin_200/acc_stderr": 0.033067617644508635,
    "utility_winogrande_200/acc": 0.63,
    "utility_winogrande_200/acc_stderr": 0.0342250899767933
}