{
  "forget_qa_cos_sim": 0.9475457206430277,
  "holdout_qa_cos_sim": 0.9708697006702424
}