{
    "forget_qa_rouge": 0.9106846473029047,
    "holdout_qa_rouge": 0.9506666666666668
}