{
    "utility_1k/": " ",
    "utility_arc_200/acc": 0.865,
    "utility_arc_200/acc_stderr": 0.024224141785131013,
    "utility_mmlu_pro_400/acc": 0.365,
    "utility_mmlu_pro_400/acc_stderr": 0.0241016539745881,
    "utility_truthfulqa_bin_200/acc": 0.665,
    "utility_truthfulqa_bin_200/acc_stderr": 0.03345851702943581,
    "utility_winogrande_200/acc": 0.625,
    "utility_winogrande_200/acc_stderr": 0.03431856376795913
}