{
  "forget_qa_cos_sim": 0.8587491323792712,
  "holdout_qa_cos_sim": 0.9711154292523861
}