{
    "forget_qa_rouge": 0.5735995850622407,
    "holdout_qa_rouge": 0.9508333333333334
}