{
    "forget_qa_rouge": 0.07717842323651451,
    "holdout_qa_rouge": 0.9581666666666666
}