{
  "forget_qa_cos_sim": 0.8961665237021026,
  "holdout_qa_cos_sim": 0.9677478232383728
}