{
    "forget_qa_rouge": 0.8311376210235132,
    "holdout_qa_rouge": 0.9583333333333334
}