{
    "forget_qa_rouge": 0.9254840940525587,
    "holdout_qa_rouge": 0.9666666666666668
}