{
  "forget_qa_cos_sim": 0.907504836336953,
  "holdout_qa_cos_sim": 0.9267417251467704
}