{
  "forget_qa_cos_sim": 0.4687943975348964,
  "holdout_qa_cos_sim": 0.9649649296244063
}