{
    "forget_qa_rouge": 0.1375798625364447,
    "holdout_qa_rouge": 0.9374892778968326
}