{
  "forget_qa_cos_sim": 0.8646289513318866,
  "holdout_qa_cos_sim": 0.9573737295567989
}