{
    "forget_qa_rouge": 0.7649377593360995,
    "holdout_qa_rouge": 0.9251666666666667
}