{
  "forget_qa_cos_sim": 0.8734026921920757,
  "holdout_qa_cos_sim": 0.8682716474235058
}