{
    "forget_qa_rouge": 0.9128630705394191,
    "holdout_qa_rouge": 0.9586666666666667
}