{
  "forget_qa_cos_sim": 0.7667436701751843,
  "holdout_qa_cos_sim": 0.8143776013702154
}