{
  "forget_qa_cos_sim": 0.4363304406358122,
  "holdout_qa_cos_sim": 0.9467571791708469
}