{
    "forget_qa_rouge": 0.08091286307053942,
    "holdout_qa_rouge": 0.9101666666666667
}