{
  "forget_qa_cos_sim": 0.6991154875807247,
  "holdout_qa_cos_sim": 0.9752261005043984
}