{
    "forget_qa_rouge": 0.3497406639004149,
    "holdout_qa_rouge": 0.9591666666666667
}