{
  "forget_qa_cos_sim": 0.6769299867613187,
  "holdout_qa_cos_sim": 0.9938361752033233
}