{
  "forget_qa_cos_sim": 0.8071066543722673,
  "holdout_qa_cos_sim": 0.9887958649396896
}