{
  "forget_qa_cos_sim": 0.5808119690857241,
  "holdout_qa_cos_sim": 0.982713022172451
}