{
    "forget_qa_rouge": 0.4582987551867219,
    "holdout_qa_rouge": 0.9773333333333333
}