{
  "forget_qa_cos_sim": 0.6887396899867354,
  "holdout_qa_cos_sim": 0.9953768873214721
}