{
  "forget_qa_cos_sim": 0.73986067224093,
  "holdout_qa_cos_sim": 0.9819112189710141
}