{
  "forget_qa_cos_sim": 0.7219982927209114,
  "holdout_qa_cos_sim": 0.6364108560681343
}