{
    "forget_qa_rouge": 0.913226141078838,
    "holdout_qa_rouge": 0.9373333333333332
}