{
  "forget_qa_cos_sim": 0.7492018842519096,
  "holdout_qa_cos_sim": 0.9325550957290853
}