{
    "forget_qa_rouge": 0.6149175474288361,
    "holdout_qa_rouge": 0.8902641868844653
}