{
  "forget_qa_cos_sim": 0.6016379097994432,
  "holdout_qa_cos_sim": 0.9457615537047386
}