{
    "forget_qa_rouge": 0.0912863070539419,
    "holdout_qa_rouge": 0.9043333333333333
}