{
  "forget_qa_cos_sim": 0.5643597309415841,
  "holdout_qa_cos_sim": 0.9040740275034772
}