{
    "forget_qa_rouge": 0.3486630684355589,
    "holdout_qa_rouge": 0.8513224405371523
}