{
  "forget_qa_cos_sim": 0.14257271766689122,
  "holdout_qa_cos_sim": 0.9648476848986418
}