{
    "forget_qa_rouge": 0.04050430870507286,
    "holdout_qa_rouge": 0.9479256495658086
}