{
  "forget_qa_cos_sim": 0.39833062565672944,
  "holdout_qa_cos_sim": 0.9271447269320487
}