{
  "forget_qa_cos_sim": 0.6881995309932598,
  "holdout_qa_cos_sim": 0.9731288186311722
}