{
  "forget_qa_cos_sim": 0.66131133071429,
  "holdout_qa_cos_sim": 0.9216580059379339
}