{
    "forget_qa_rouge": 0.8613070539419087,
    "holdout_qa_rouge": 0.9358333333333333
}