{
  "forget_qa_cos_sim": 0.9029408788068908,
  "holdout_qa_cos_sim": 0.9715085654854775
}