{
    "utility_1k/": " ",
    "utility_arc_200/acc": 0.835,
    "utility_arc_200/acc_stderr": 0.02631229148928475,
    "utility_mmlu_pro_400/acc": 0.335,
    "utility_mmlu_pro_400/acc_stderr": 0.023629078131262988,
    "utility_truthfulqa_bin_200/acc": 0.705,
    "utility_truthfulqa_bin_200/acc_stderr": 0.032328014206142675,
    "utility_winogrande_200/acc": 0.605,
    "utility_winogrande_200/acc_stderr": 0.03465370682892271
}