{
  "forget_qa_cos_sim": 0.7933929245922224,
  "holdout_qa_cos_sim": 0.9037723788880815
}