{
    "forget_qa_rouge": 0.6931849758438852,
    "holdout_qa_rouge": 0.8497801072353758
}