{
  "forget_qa_cos_sim": 0.7945106706632247,
  "holdout_qa_cos_sim": 0.9898406842947006
}