{
    "forget_qa_rouge": 0.4626383125864454,
    "holdout_qa_rouge": 0.9818333333333333
}