{
  "forget_qa_cos_sim": 0.6595494441206711,
  "holdout_qa_cos_sim": 0.9656915686191065
}