{
    "forget_qa_rouge": 0.477726064796228,
    "holdout_qa_rouge": 0.947003835572424
}