{
  "forget_qa_cos_sim": 0.8893084474588083,
  "holdout_qa_cos_sim": 0.9712528897821904
}