{
  "forget_qa_cos_sim": 0.0630535103370005,
  "holdout_qa_cos_sim": 0.06687653919746037
}