{
  "forget_qa_cos_sim": 0.7386812119130277,
  "holdout_qa_cos_sim": 0.9000026882886887
}