{
  "forget_qa_cos_sim": 0.8431054421727588,
  "holdout_qa_cos_sim": 0.8620619938671589
}