{
    "forget_qa_rouge": 0.938710235131397,
    "holdout_qa_rouge": 0.9628333333333332
}