{
  "forget_qa_cos_sim": 0.6595639531419485,
  "holdout_qa_cos_sim": 0.9885961853861809
}