{
  "forget_qa_cos_sim": 0.634065965901581,
  "holdout_qa_cos_sim": 0.9975876749753952
}