{
  "forget_qa_cos_sim": 0.9392115529703896,
  "holdout_qa_cos_sim": 0.9661962161958217
}