{
  "forget_qa_cos_sim": 0.5240721459040627,
  "holdout_qa_cos_sim": 0.9863309841752053
}