{
  "forget_qa_cos_sim": 0.8105934173548864,
  "holdout_qa_cos_sim": 0.9413937916755676
}