{
  "forget_qa_cos_sim": 0.6047596027804113,
  "holdout_qa_cos_sim": 0.9583289358019829
}