{
  "forget_qa_cos_sim": 0.8441733697205164,
  "holdout_qa_cos_sim": 0.8965367416143417
}