{
    "forget_qa_rouge": 0.9071576763485477,
    "holdout_qa_rouge": 0.9506666666666667
}