{
    "utility_1k/": " ",
    "utility_arc_200/acc": 0.86,
    "utility_arc_200/acc_stderr": 0.024597258498217683,
    "utility_mmlu_pro_400/acc": 0.385,
    "utility_mmlu_pro_400/acc_stderr": 0.024360235069300455,
    "utility_truthfulqa_bin_200/acc": 0.715,
    "utility_truthfulqa_bin_200/acc_stderr": 0.03199992148231577,
    "utility_winogrande_200/acc": 0.72,
    "utility_winogrande_200/acc_stderr": 0.03182868716477584
}