{
  "forget_qa_cos_sim": 0.11553782980243725,
  "holdout_qa_cos_sim": 0.08660180919617415
}