{
  "forget_qa_cos_sim": 0.898276037540426,
  "holdout_qa_cos_sim": 0.8729772320687771
}