{
    "utility_1k/": " ",
    "utility_arc_200/acc": 0.68,
    "utility_arc_200/acc_stderr": 0.03306761764450865,
    "utility_mmlu_pro_400/acc": 0.2475,
    "utility_mmlu_pro_400/acc_stderr": 0.021605006729678952,
    "utility_truthfulqa_bin_200/acc": 0.575,
    "utility_truthfulqa_bin_200/acc_stderr": 0.035043046034511346,
    "utility_winogrande_200/acc": 0.62,
    "utility_winogrande_200/acc_stderr": 0.034408132730358205
}