{
  "forget_qa_cos_sim": 0.6975424229611809,
  "holdout_qa_cos_sim": 0.9594178969860077
}