{
  "forget_qa_cos_sim": 0.9519248980085879,
  "holdout_qa_cos_sim": 0.9525742546766996
}