{
    "forget_qa_rouge": 0.8760373443983402,
    "holdout_qa_rouge": 0.9391666666666666
}