{
  "forget_qa_cos_sim": 0.553776690991464,
  "holdout_qa_cos_sim": 0.9596264792084694
}