{
    "forget_qa_rouge": 0.2952627939142462,
    "holdout_qa_rouge": 0.9271666666666666
}