{
  "forget_qa_cos_sim": 0.7033777010020379,
  "holdout_qa_cos_sim": 0.9952922040820121
}