{
  "forget_qa_cos_sim": 0.6769181561621994,
  "holdout_qa_cos_sim": 0.9448927523702593
}