{
  "forget_qa_cos_sim": 0.8589967711214208,
  "holdout_qa_cos_sim": 0.9301274485588074
}