{
    "forget_qa_rouge": 0.9014522821576764,
    "holdout_qa_rouge": 0.9423333333333332
}