{
    "utility_1k/": " ",
    "utility_arc_200/acc": 0.805,
    "utility_arc_200/acc_stderr": 0.028085923439997287,
    "utility_mmlu_pro_400/acc": 0.3075,
    "utility_mmlu_pro_400/acc_stderr": 0.0231018096482192,
    "utility_truthfulqa_bin_200/acc": 0.625,
    "utility_truthfulqa_bin_200/acc_stderr": 0.03431856376795913,
    "utility_winogrande_200/acc": 0.565,
    "utility_winogrande_200/acc_stderr": 0.03514328173714407
}