{
  "forget_qa_cos_sim": 0.7294123319414332,
  "holdout_qa_cos_sim": 0.9922528035640716
}