{
    "forget_qa_rouge": 0.3744467496542185,
    "holdout_qa_rouge": 0.9858333333333333
}