{
  "forget_qa_cos_sim": 0.6051636778158271,
  "holdout_qa_cos_sim": 0.9702110023200512
}