{
  "forget_qa_cos_sim": 0.8408367287104802,
  "holdout_qa_cos_sim": 0.8646823047101497
}