{
  "forget_qa_cos_sim": 0.7954401762468192,
  "holdout_qa_cos_sim": 0.8821874451935291
}