{
  "forget_qa_cos_sim": 0.8481552805519698,
  "holdout_qa_cos_sim": 0.9576952889859677
}