{
  "forget_qa_cos_sim": 0.46630030456752636,
  "holdout_qa_cos_sim": 0.9969111825823784
}