{
    "utility_1k/": " ",
    "utility_arc_200/acc": 0.855,
    "utility_arc_200/acc_stderr": 0.02495976662047835,
    "utility_mmlu_pro_400/acc": 0.4,
    "utility_mmlu_pro_400/acc_stderr": 0.024525573579398552,
    "utility_truthfulqa_bin_200/acc": 0.71,
    "utility_truthfulqa_bin_200/acc_stderr": 0.03216633903375033,
    "utility_winogrande_200/acc": 0.66,
    "utility_winogrande_200/acc_stderr": 0.03358032446172574
}