{
  "forget_qa_cos_sim": 0.6199947276313444,
  "holdout_qa_cos_sim": 0.9746775941543864
}