{
    "forget_qa_rouge": 0.403805509067753,
    "holdout_qa_rouge": 0.9606673809954128
}