{
  "forget_qa_cos_sim": 0.6601443654815068,
  "holdout_qa_cos_sim": 0.946960417419672
}