{
  "forget_qa_cos_sim": 0.10059181144254004,
  "holdout_qa_cos_sim": 0.9559832737748621
}