{
    "forget_qa_rouge": 0.021186258456143834,
    "holdout_qa_rouge": 0.9319861494811793
}