{
  "forget_qa_cos_sim": 0.20399608511022238,
  "holdout_qa_cos_sim": 0.9289376318510962
}