{
    "forget_qa_rouge": 0.2833635817310704,
    "holdout_qa_rouge": 0.9261526081605603
}