{
  "forget_qa_cos_sim": 0.7048689627795793,
  "holdout_qa_cos_sim": 0.9929409552812576
}