{
  "forget_qa_cos_sim": 0.12220161262325122,
  "holdout_qa_cos_sim": 0.9640535975345382
}