{
    "forget_qa_rouge": 0.028596238773383614,
    "holdout_qa_rouge": 0.9544200166963587
}