{
  "forget_qa_cos_sim": 0.7289402052698294,
  "holdout_qa_cos_sim": 0.9958788378238678
}