{
  "forget_qa_cos_sim": 0.6376995453417795,
  "holdout_qa_cos_sim": 0.957080604583025
}