{
  "forget_qa_cos_sim": 0.47522037777986303,
  "holdout_qa_cos_sim": 0.9702853899775317
}