{
  "forget_qa_cos_sim": 0.5335682528518543,
  "holdout_qa_cos_sim": 0.6227866037301719
}