{
  "forget_qa_cos_sim": 0.6766535826027393,
  "holdout_qa_cos_sim": 0.9907905083894729
}