{
    "forget_qa_rouge": 0.7645228215767634,
    "holdout_qa_rouge": 0.9866666666666667
}