{
  "forget_qa_cos_sim": 0.6887223250792976,
  "holdout_qa_cos_sim": 0.9883908848166466
}