{
  "forget_qa_cos_sim": 0.8385359116856983,
  "holdout_qa_cos_sim": 0.9158944235891103
}