{
    "utility_1k/": " ",
    "utility_arc_200/acc": 0.705,
    "utility_arc_200/acc_stderr": 0.032328014206142675,
    "utility_mmlu_pro_400/acc": 0.22,
    "utility_mmlu_pro_400/acc_stderr": 0.020738254217024327,
    "utility_truthfulqa_bin_200/acc": 0.715,
    "utility_truthfulqa_bin_200/acc_stderr": 0.03199992148231578,
    "utility_winogrande_200/acc": 0.58,
    "utility_winogrande_200/acc_stderr": 0.0349874349304872
}