{
    "forget_qa_rouge": 0.03198035032005161,
    "holdout_qa_rouge": 0.9715987624039314
}