{
  "forget_qa_cos_sim": 0.7670213199912327,
  "holdout_qa_cos_sim": 0.9899043097496033
}