{
    "forget_qa_rouge": 0.42800829875518676,
    "holdout_qa_rouge": 0.9823333333333334
}