{
  "forget_qa_cos_sim": 0.6849544073041544,
  "holdout_qa_cos_sim": 0.9947180026769638
}