{
  "forget_qa_cos_sim": 0.7467032500322429,
  "holdout_qa_cos_sim": 0.9879242866635323
}