{
  "forget_qa_cos_sim": 0.929051509629394,
  "holdout_qa_cos_sim": 0.9751372919976711
}