{
  "forget_qa_cos_sim": 0.5795952804944956,
  "holdout_qa_cos_sim": 0.9434172897996035
}