{
    "forget_qa_rouge": 0.5640025772537062,
    "holdout_qa_rouge": 0.9229895518662914
}