{
  "forget_qa_cos_sim": 0.7806088500636865,
  "holdout_qa_cos_sim": 0.9829626489281654
}