{
    "forget_qa_rouge": 0.8624308437067774,
    "holdout_qa_rouge": 0.9648333333333333
}