{
    "utility_1k/": " ",
    "utility_arc_200/acc": 0.79,
    "utility_arc_200/acc_stderr": 0.028873315391699357,
    "utility_mmlu_pro_400/acc": 0.2825,
    "utility_mmlu_pro_400/acc_stderr": 0.02253895263682216,
    "utility_truthfulqa_bin_200/acc": 0.605,
    "utility_truthfulqa_bin_200/acc_stderr": 0.03465370682892271,
    "utility_winogrande_200/acc": 0.565,
    "utility_winogrande_200/acc_stderr": 0.035143281737144066
}