{
  "forget_qa_cos_sim": 0.5484645073437344,
  "holdout_qa_cos_sim": 0.9509533311724663
}