{
    "forget_qa_rouge": 0.20720954356846474,
    "holdout_qa_rouge": 0.9293333333333332
}