{
  "forget_qa_cos_sim": 0.7346769396942187,
  "holdout_qa_cos_sim": 0.9086667678356171
}