{
    "forget_qa_rouge": 0.09854771784232365,
    "holdout_qa_rouge": 0.8148333333333334
}