{
  "forget_qa_cos_sim": 0.8413131001455655,
  "holdout_qa_cos_sim": 0.9556693697273732
}