{
    "forget_qa_rouge": 0.47769709543568467,
    "holdout_qa_rouge": 0.9188333333333334
}