{
  "forget_qa_cos_sim": 0.6113468878110291,
  "holdout_qa_cos_sim": 0.99189584338665
}