{
    "forget_qa_rouge": 0.21672717842323652,
    "holdout_qa_rouge": 0.9886666666666667
}