{
  "forget_qa_cos_sim": 0.4024787962135252,
  "holdout_qa_cos_sim": 0.9812348396778107
}