{
    "forget_qa_rouge": 0.025345781466113413,
    "holdout_qa_rouge": 0.9676666666666667
}