{
  "forget_qa_cos_sim": 0.4603452645193691,
  "holdout_qa_cos_sim": 0.7141510963210351
}