{
    "forget_qa_rouge": 0.836429746780563,
    "holdout_qa_rouge": 0.8688092225865586
}