{
  "forget_qa_cos_sim": 0.7918459025841531,
  "holdout_qa_cos_sim": 0.8381943187266588
}