{
  "forget_qa_cos_sim": 0.6845323038422715,
  "holdout_qa_cos_sim": 0.9934214871525765
}