{
  "forget_qa_cos_sim": 0.6226463819316809,
  "holdout_qa_cos_sim": 0.9618539107739925
}