{
    "forget_qa_rouge": 0.6558437067773167,
    "holdout_qa_rouge": 0.9598333333333332
}