{
  "forget_qa_cos_sim": 0.6743752932431045,
  "holdout_qa_cos_sim": 0.9879539231657982
}