{
  "forget_qa_cos_sim": 0.5194196445032707,
  "holdout_qa_cos_sim": 0.9916766240596772
}