{
    "forget_qa_rouge": 0.17519017980636237,
    "holdout_qa_rouge": 0.9853333333333333
}