{
  "forget_qa_cos_sim": 0.5258209371467844,
  "holdout_qa_cos_sim": 0.9827753164768219
}