{
    "forget_qa_rouge": 0.37704011065006915,
    "holdout_qa_rouge": 0.9716666666666668
}