{
    "forget_qa_rouge": 0.49232173118070993,
    "holdout_qa_rouge": 0.9094258403403533
}