{
    "utility_1k/": " ",
    "utility_arc_200/acc": 0.23,
    "utility_arc_200/acc_stderr": 0.02983202555549523,
    "utility_mmlu_pro_400/acc": 0.1625,
    "utility_mmlu_pro_400/acc_stderr": 0.018468543329993058,
    "utility_truthfulqa_bin_200/acc": 0.49,
    "utility_truthfulqa_bin_200/acc_stderr": 0.035436970729343674,
    "utility_winogrande_200/acc": 0.565,
    "utility_winogrande_200/acc_stderr": 0.03514328173714407
}