{
    "forget_qa_rouge": 0.13131051175656985,
    "holdout_qa_rouge": 0.4753333333333334
}