{
  "forget_qa_cos_sim": 0.6928793968501428,
  "holdout_qa_cos_sim": 0.9906404812335968
}