{
    "utility_1k/": " ",
    "utility_arc_200/acc": 0.25,
    "utility_arc_200/acc_stderr": 0.030695456590127176,
    "utility_mmlu_pro_400/acc": 0.1875,
    "utility_mmlu_pro_400/acc_stderr": 0.0195400591036577,
    "utility_truthfulqa_bin_200/acc": 0.495,
    "utility_truthfulqa_bin_200/acc_stderr": 0.035442288003096976,
    "utility_winogrande_200/acc": 0.565,
    "utility_winogrande_200/acc_stderr": 0.03514328173714407
}