{
  "forget_qa_cos_sim": 0.5747392110804799,
  "holdout_qa_cos_sim": 0.5323471512272954
}