{
  "forget_qa_cos_sim": 0.5306757079182324,
  "holdout_qa_cos_sim": 0.9931902016401291
}