{
  "forget_qa_cos_sim": 0.6667066156995556,
  "holdout_qa_cos_sim": 0.8504654583483935
}