{
  "forget_qa_cos_sim": 0.9273232447903186,
  "holdout_qa_cos_sim": 0.9582628134787082
}