{
    "forget_qa_rouge": 0.7857883817427386,
    "holdout_qa_rouge": 0.9276666666666666
}