{
    "utility_1k/": " ",
    "utility_arc_200/acc": 0.87,
    "utility_arc_200/acc_stderr": 0.023839918383725914,
    "utility_mmlu_pro_400/acc": 0.3825,
    "utility_mmlu_pro_400/acc_stderr": 0.024330316186072946,
    "utility_truthfulqa_bin_200/acc": 0.65,
    "utility_truthfulqa_bin_200/acc_stderr": 0.0338114785302567,
    "utility_winogrande_200/acc": 0.655,
    "utility_winogrande_200/acc_stderr": 0.03369796379336736
}