{
  "forget_qa_cos_sim": 0.39055296958760355,
  "holdout_qa_cos_sim": 0.941745844475925
}