{
  "forget_qa_cos_sim": 0.7385477304737466,
  "holdout_qa_cos_sim": 0.8387896719348434
}