{
    "forget_qa_rouge": 0.7504805911544362,
    "holdout_qa_rouge": 0.8464309381804412
}