{
  "forget_qa_cos_sim": 0.6396558054002437,
  "holdout_qa_cos_sim": 0.7030889272081169
}