{
    "forget_qa_rouge": 0.7992175764492542,
    "holdout_qa_rouge": 0.862751628755605
}