{
  "forget_qa_cos_sim": 0.7814356154796989,
  "holdout_qa_cos_sim": 0.9693248159885407
}