{
    "utility_1k/": " ",
    "utility_arc_200/acc": 0.805,
    "utility_arc_200/acc_stderr": 0.028085923439997298,
    "utility_mmlu_pro_400/acc": 0.3225,
    "utility_mmlu_pro_400/acc_stderr": 0.023400926978618713,
    "utility_truthfulqa_bin_200/acc": 0.66,
    "utility_truthfulqa_bin_200/acc_stderr": 0.03358032446172574,
    "utility_winogrande_200/acc": 0.6,
    "utility_winogrande_200/acc_stderr": 0.0347279448103939
}