{
  "forget_qa_cos_sim": 0.4683678317873032,
  "holdout_qa_cos_sim": 0.9971908112168312
}