{
  "forget_qa_cos_sim": 0.7025815092587469,
  "holdout_qa_cos_sim": 0.8603282277131467
}