{
    "forget_qa_rouge": 0.5485007119776137,
    "holdout_qa_rouge": 0.7787210359774973
}