{
  "forget_qa_cos_sim": 0.6526602384753684,
  "holdout_qa_cos_sim": 0.9714512888832968
}