{
    "forget_qa_rouge": 0.45563815598549884,
    "holdout_qa_rouge": 0.9527838739568362
}