{
  "forget_qa_cos_sim": 0.9425264520269212,
  "holdout_qa_cos_sim": 0.9755377862155438
}