{
  "forget_qa_cos_sim": 0.4917175040734636,
  "holdout_qa_cos_sim": 0.9707072331933159
}