{
    "forget_qa_rouge": 0.21698938724815767,
    "holdout_qa_rouge": 0.9504010568622895
}