{
  "forget_qa_cos_sim": 0.9596882232491901,
  "holdout_qa_cos_sim": 0.9223159476965666
}