{
  "forget_qa_cos_sim": 0.7196995321645776,
  "holdout_qa_cos_sim": 0.9525827481746674
}