{
    "forget_qa_rouge": 0.10580912863070539,
    "holdout_qa_rouge": 0.9096666666666667
}