{
  "forget_qa_cos_sim": 0.5584298744488554,
  "holdout_qa_cos_sim": 0.9895674749016762
}