{
    "forget_qa_rouge": 0.41715076071922547,
    "holdout_qa_rouge": 0.9866666666666667
}