{
  "forget_qa_cos_sim": 0.5796696605156304,
  "holdout_qa_cos_sim": 0.6818642121019775
}