{
    "forget_qa_rouge": 0.7967084380248675,
    "holdout_qa_rouge": 0.8733432019714327
}