{
  "forget_qa_cos_sim": 0.7075231486537273,
  "holdout_qa_cos_sim": 0.9848625833690167
}