{
    "forget_qa_rouge": 0.41410788381742736,
    "holdout_qa_rouge": 0.9786666666666668
}