{
  "forget_qa_cos_sim": 0.7510549270914438,
  "holdout_qa_cos_sim": 0.8309084819395821
}