{
    "forget_qa_rouge": 0.7618084406813131,
    "holdout_qa_rouge": 0.8381051354212387
}