{
  "forget_qa_cos_sim": 0.7520282784809216,
  "holdout_qa_cos_sim": 0.9856852480769157
}