{
    "forget_qa_rouge": 0.1654564315352697,
    "holdout_qa_rouge": 0.9711666666666666
}