{
  "forget_qa_cos_sim": 0.735849391792696,
  "holdout_qa_cos_sim": 0.9514622797369957
}