{
  "forget_qa_cos_sim": 0.36822519194783015,
  "holdout_qa_cos_sim": 0.9662826078534126
}