{
    "forget_qa_rouge": 0.8748789764868603,
    "holdout_qa_rouge": 0.9848333333333332
}