{
  "forget_qa_cos_sim": 0.7313465482837431,
  "holdout_qa_cos_sim": 0.9886085225045681
}