{
  "forget_qa_cos_sim": 0.8984852759051619,
  "holdout_qa_cos_sim": 0.9651895231306553
}