{
  "forget_qa_cos_sim": 0.7078730822598785,
  "holdout_qa_cos_sim": 0.995138630270958
}