{
  "forget_qa_cos_sim": 0.7887071579447426,
  "holdout_qa_cos_sim": 0.8982279307544231
}