{
    "forget_qa_rouge": 0.9056016597510373,
    "holdout_qa_rouge": 0.9526666666666667
}