{
  "forget_qa_cos_sim": 0.5413039374741034,
  "holdout_qa_cos_sim": 0.9856229009032249
}