{
    "forget_qa_rouge": 0.3833679114799446,
    "holdout_qa_rouge": 0.9823333333333334
}