{
  "forget_qa_cos_sim": 0.5058278000654645,
  "holdout_qa_cos_sim": 0.9800395277738572
}