{
  "forget_qa_cos_sim": 0.9592539478572573,
  "holdout_qa_cos_sim": 0.959811223089695
}