{
    "forget_qa_rouge": 0.9155774550484093,
    "holdout_qa_rouge": 0.9401666666666666
}