{
  "forget_qa_cos_sim": 0.5641475041183737,
  "holdout_qa_cos_sim": 0.9818827455074602
}