{
    "forget_qa_rouge": 0.2999342404344141,
    "holdout_qa_rouge": 0.9693439650696112
}