{
  "forget_qa_cos_sim": 0.8704092944064081,
  "holdout_qa_cos_sim": 0.963020660251379
}