{
    "forget_qa_rouge": 0.817911479944675,
    "holdout_qa_rouge": 0.9453333333333334
}