{
  "forget_qa_cos_sim": 0.9031565559726533,
  "holdout_qa_cos_sim": 0.9504040220677853
}