{
    "forget_qa_rouge": 0.7454529737206086,
    "holdout_qa_rouge": 0.9113333333333333
}