{
  "forget_qa_cos_sim": 0.6099652040873449,
  "holdout_qa_cos_sim": 0.9829236074090004
}