{
    "forget_qa_rouge": 0.5968015214384509,
    "holdout_qa_rouge": 0.9863333333333334
}