{
    "utility_1k/": " ",
    "utility_arc_200/acc": 0.86,
    "utility_arc_200/acc_stderr": 0.024597258498217676,
    "utility_mmlu_pro_400/acc": 0.4075,
    "utility_mmlu_pro_400/acc_stderr": 0.02459923129797198,
    "utility_truthfulqa_bin_200/acc": 0.675,
    "utility_truthfulqa_bin_200/acc_stderr": 0.0332022127978448,
    "utility_winogrande_200/acc": 0.69,
    "utility_winogrande_200/acc_stderr": 0.032785276754349606
}