{
  "forget_qa_cos_sim": 0.7965915730199873,
  "holdout_qa_cos_sim": 0.8714117540419102
}