{
  "forget_qa_cos_sim": 0.9314133636808,
  "holdout_qa_cos_sim": 0.9650200959742069
}