{
  "forget_qa_cos_sim": 0.4591984996703473,
  "holdout_qa_cos_sim": 0.9708384624117649
}