{
    "forget_qa_rouge": 0.18237983216274287,
    "holdout_qa_rouge": 0.9535995427148508
}