{
  "forget_qa_cos_sim": 0.37397381953539566,
  "holdout_qa_cos_sim": 0.9553466694056988
}