{
    "forget_qa_rouge": 0.5232451590594743,
    "holdout_qa_rouge": 0.6377333333333334
}