{
  "forget_qa_cos_sim": 0.8385810190000227,
  "holdout_qa_cos_sim": 0.8702647631466389
}