{
  "forget_qa_cos_sim": 0.7013726828318414,
  "holdout_qa_cos_sim": 0.9603890735208989
}