{
  "forget_qa_cos_sim": 0.6642215109403202,
  "holdout_qa_cos_sim": 0.9375022896528244
}