{
    "forget_qa_rouge": 0.6607883817427386,
    "holdout_qa_rouge": 0.9056666666666667
}