{
    "utility_1k/": " ",
    "utility_arc_200/acc": 0.795,
    "utility_arc_200/acc_stderr": 0.028617649261360196,
    "utility_mmlu_pro_400/acc": 0.305,
    "utility_mmlu_pro_400/acc_stderr": 0.02304920094407608,
    "utility_truthfulqa_bin_200/acc": 0.69,
    "utility_truthfulqa_bin_200/acc_stderr": 0.032785276754349606,
    "utility_winogrande_200/acc": 0.56,
    "utility_winogrande_200/acc_stderr": 0.03518793763172071
}