{
  "forget_qa_cos_sim": 0.8909574184118465,
  "holdout_qa_cos_sim": 0.9148502295315266
}