{
  "forget_qa_cos_sim": 0.6824964570553965,
  "holdout_qa_cos_sim": 0.9892242755591869
}