{
  "forget_qa_cos_sim": 0.6195228987400463,
  "holdout_qa_cos_sim": 0.5657428438737988
}