{
    "utility_1k/": " ",
    "utility_arc_200/acc": 0.875,
    "utility_arc_200/acc_stderr": 0.023444042219248146,
    "utility_mmlu_pro_400/acc": 0.395,
    "utility_mmlu_pro_400/acc_stderr": 0.0244731452227279,
    "utility_truthfulqa_bin_200/acc": 0.715,
    "utility_truthfulqa_bin_200/acc_stderr": 0.03199992148231577,
    "utility_winogrande_200/acc": 0.64,
    "utility_winogrande_200/acc_stderr": 0.03402629784040015
}