{
  "forget_qa_cos_sim": 0.8838608455824901,
  "holdout_qa_cos_sim": 0.9224328701496124
}