{
  "forget_qa_cos_sim": 0.6885478130205538,
  "holdout_qa_cos_sim": 0.9736285466253758
}