{
  "forget_qa_cos_sim": 0.7947944892701766,
  "holdout_qa_cos_sim": 0.8712463856637478
}