{
    "forget_qa_rouge": 0.9576417704011065,
    "holdout_qa_rouge": 0.9643333333333333
}