{
  "forget_qa_cos_sim": 0.8324722174199538,
  "holdout_qa_cos_sim": 0.8692781414091587
}