{
  "forget_qa_cos_sim": 0.8672397987862964,
  "holdout_qa_cos_sim": 0.9660959514081479
}