{
    "forget_qa_rouge": 0.5895055325034578,
    "holdout_qa_rouge": 0.9423333333333334
}