{
  "forget_qa_cos_sim": 0.6191271924147096,
  "holdout_qa_cos_sim": 0.9957963236570359
}