{
    "forget_qa_rouge": 0.48641078838174273,
    "holdout_qa_rouge": 0.9933333333333333
}