{
  "forget_qa_cos_sim": 0.6686217330117938,
  "holdout_qa_cos_sim": 0.9993807657957077
}