{
  "forget_qa_cos_sim": 0.8079883481536647,
  "holdout_qa_cos_sim": 0.8837140107063818
}