{
    "forget_qa_rouge": 0.7074237387019603,
    "holdout_qa_rouge": 0.8127769458286358
}