{
  "forget_qa_cos_sim": 0.5559806526789279,
  "holdout_qa_cos_sim": 0.9931902016401291
}