{
    "forget_qa_rouge": 0.41604426002766254,
    "holdout_qa_rouge": 0.9913333333333333
}