{
  "forget_qa_cos_sim": 0.7326341182982773,
  "holdout_qa_cos_sim": 0.9800741136670112
}