{
    "forget_qa_rouge": 0.17634854771784234,
    "holdout_qa_rouge": 0.9668333333333333
}