{
    "utility_1k/": " ",
    "utility_arc_200/acc": 0.85,
    "utility_arc_200/acc_stderr": 0.025312121949531256,
    "utility_mmlu_pro_400/acc": 0.365,
    "utility_mmlu_pro_400/acc_stderr": 0.024101653974588088,
    "utility_truthfulqa_bin_200/acc": 0.695,
    "utility_truthfulqa_bin_200/acc_stderr": 0.03263741725420571,
    "utility_winogrande_200/acc": 0.695,
    "utility_winogrande_200/acc_stderr": 0.0326374172542057
}