{
  "forget_qa_cos_sim": 0.763030234646995,
  "holdout_qa_cos_sim": 0.9350805413722992
}