{
  "forget_qa_cos_sim": 0.9100767997136007,
  "holdout_qa_cos_sim": 0.9330963951796293
}