{
    "forget_qa_rouge": 0.9236341632088519,
    "holdout_qa_rouge": 0.9521666666666666
}