{
  "forget_qa_cos_sim": 0.43438508774251905,
  "holdout_qa_cos_sim": 0.7319812581361218
}