{
    "forget_qa_rouge": 0.8623494659791986,
    "holdout_qa_rouge": 0.8680466264462289
}