{
  "forget_qa_cos_sim": 0.576745491443812,
  "holdout_qa_cos_sim": 0.9313710639372766
}