{
    "forget_qa_rouge": 0.3898175172054992,
    "holdout_qa_rouge": 0.8968026616634966
}