{
    "utility_1k/": " ",
    "utility_arc_200/acc": 0.575,
    "utility_arc_200/acc_stderr": 0.035043046034511346,
    "utility_mmlu_pro_400/acc": 0.2075,
    "utility_mmlu_pro_400/acc_stderr": 0.020301224699775536,
    "utility_truthfulqa_bin_200/acc": 0.72,
    "utility_truthfulqa_bin_200/acc_stderr": 0.03182868716477582,
    "utility_winogrande_200/acc": 0.57,
    "utility_winogrande_200/acc_stderr": 0.035094989549183275
}