{
  "forget_qa_cos_sim": 0.6834942014436987,
  "holdout_qa_cos_sim": 0.8347075910018122
}