{
    "forget_qa_rouge": 0.559399194645808,
    "holdout_qa_rouge": 0.7545041439673645
}