{
    "utility_1k/": " ",
    "utility_arc_200/acc": 0.86,
    "utility_arc_200/acc_stderr": 0.024597258498217676,
    "utility_mmlu_pro_400/acc": 0.4,
    "utility_mmlu_pro_400/acc_stderr": 0.024525573579398552,
    "utility_truthfulqa_bin_200/acc": 0.695,
    "utility_truthfulqa_bin_200/acc_stderr": 0.03263741725420571,
    "utility_winogrande_200/acc": 0.66,
    "utility_winogrande_200/acc_stderr": 0.03358032446172574
}