{
  "forget_qa_cos_sim": 0.8989781473233863,
  "holdout_qa_cos_sim": 0.9676382723152638
}