{
  "forget_qa_cos_sim": 0.811509989629674,
  "holdout_qa_cos_sim": 0.8604502894750854
}