{
    "forget_qa_rouge": 0.7004689504081655,
    "holdout_qa_rouge": 0.7701382613410447
}