{
  "forget_qa_cos_sim": 0.738092013538131,
  "holdout_qa_cos_sim": 0.9891000284254551
}