{
  "forget_qa_cos_sim": 0.08979834726706333,
  "holdout_qa_cos_sim": 0.09313803804852068
}