{
  "forget_qa_cos_sim": 0.5541010013475468,
  "holdout_qa_cos_sim": 0.9511092234365528
}