{
    "forget_qa_rouge": 0.6180566269051854,
    "holdout_qa_rouge": 0.9504380642551618
}