{
  "forget_qa_cos_sim": 0.6730518037785633,
  "holdout_qa_cos_sim": 0.977248472571373
}