{
    "forget_qa_rouge": 0.5831258644536652,
    "holdout_qa_rouge": 0.9658333333333333
}