{
  "forget_qa_cos_sim": 0.7043012773533085,
  "holdout_qa_cos_sim": 0.7356564419418573
}