{
  "forget_qa_cos_sim": 0.7178484731937345,
  "holdout_qa_cos_sim": 0.9873337070643902
}