{
  "forget_qa_cos_sim": 0.7232602658801586,
  "holdout_qa_cos_sim": 0.8333345592602988
}