{
    "forget_qa_rouge": 0.5812627340241096,
    "holdout_qa_rouge": 0.7295430877935848
}