{
  "forget_qa_cos_sim": 0.5374761600031892,
  "holdout_qa_cos_sim": 0.9454500504136085
}