{
  "forget_qa_cos_sim": 0.6318483390532341,
  "holdout_qa_cos_sim": 0.9347166679501534
}