{
  "forget_qa_cos_sim": 0.9420847692430266,
  "holdout_qa_cos_sim": 0.959082950308919
}