{
  "forget_qa_cos_sim": 0.8405000411314094,
  "holdout_qa_cos_sim": 0.8625231733620167
}