{
  "forget_qa_cos_sim": 0.9606658868429819,
  "holdout_qa_cos_sim": 0.9580777577161789
}