{
    "forget_qa_rouge": 0.9181708160442599,
    "holdout_qa_rouge": 0.9388333333333333
}