{
  "forget_qa_cos_sim": 0.15404732448060482,
  "holdout_qa_cos_sim": 0.20226821041852236
}