{
    "forget_qa_rouge": 0.01037344398340249,
    "holdout_qa_rouge": 0.1368333333333333
}