{
  "forget_qa_cos_sim": 0.9147327816214305,
  "holdout_qa_cos_sim": 0.9707528583407402
}