{
  "forget_qa_cos_sim": 0.7586921079555735,
  "holdout_qa_cos_sim": 0.8168429729938507
}