{
  "forget_qa_cos_sim": 0.3705375543119254,
  "holdout_qa_cos_sim": 0.9664125757291913
}