{
  "forget_qa_cos_sim": 0.6533902316234419,
  "holdout_qa_cos_sim": 0.9757614299654961
}