{
  "forget_qa_cos_sim": 0.6849520219067456,
  "holdout_qa_cos_sim": 0.9112042412565798
}