{
    "forget_qa_rouge": 0.5379741192002394,
    "holdout_qa_rouge": 0.8625505265664312
}