{
  "forget_qa_cos_sim": 0.6083560991584018,
  "holdout_qa_cos_sim": 0.9443321824669838
}