{
    "forget_qa_rouge": 0.9045643153526971,
    "holdout_qa_rouge": 0.9848333333333332
}