{
  "forget_qa_cos_sim": 0.739086919738544,
  "holdout_qa_cos_sim": 0.9929497175216675
}