{
    "forget_qa_rouge": 0.9175311203319502,
    "holdout_qa_rouge": 0.9556666666666667
}