{
  "forget_qa_cos_sim": 0.9501936358720435,
  "holdout_qa_cos_sim": 0.9650184839069843
}