{
    "forget_qa_rouge": 0.9048063623789765,
    "holdout_qa_rouge": 0.9383333333333332
}