{
  "forget_qa_cos_sim": 0.9368508229982804,
  "holdout_qa_cos_sim": 0.9719295257627965
}