{
  "forget_qa_cos_sim": 0.7599538621566108,
  "holdout_qa_cos_sim": 0.9628760031163692
}