{
  "forget_qa_cos_sim": 0.6934427165762518,
  "holdout_qa_cos_sim": 0.9977121824026107
}