{
  "forget_qa_cos_sim": 0.6300991955077995,
  "holdout_qa_cos_sim": 0.9546344912648201
}