{
    "forget_qa_rouge": 0.8796680497925311,
    "holdout_qa_rouge": 0.9606666666666667
}