{
  "forget_qa_cos_sim": 0.5374348386503849,
  "holdout_qa_cos_sim": 0.9678902427256107
}