{
    "forget_qa_rouge": 0.4031120331950207,
    "holdout_qa_rouge": 0.9531666666666666
}