{
  "forget_qa_cos_sim": 0.7334245297903814,
  "holdout_qa_cos_sim": 0.938222470654408
}