{
    "forget_qa_rouge": 0.5953650407714319,
    "holdout_qa_rouge": 0.9061230022462629
}