{
  "forget_qa_cos_sim": 0.7888930206847883,
  "holdout_qa_cos_sim": 0.966450852394104
}