{
    "forget_qa_rouge": 0.2676348547717842,
    "holdout_qa_rouge": 0.9401666666666666
}