{
  "forget_qa_cos_sim": 0.5913193008644728,
  "holdout_qa_cos_sim": 0.9086037376690531
}