{
    "forget_qa_rouge": 0.39255810474115443,
    "holdout_qa_rouge": 0.8559688047759618
}