{
    "utility_1k/": " ",
    "utility_arc_200/acc": 0.83,
    "utility_arc_200/acc_stderr": 0.02662790314934043,
    "utility_mmlu_pro_400/acc": 0.34,
    "utility_mmlu_pro_400/acc_stderr": 0.023715100991511584,
    "utility_truthfulqa_bin_200/acc": 0.695,
    "utility_truthfulqa_bin_200/acc_stderr": 0.0326374172542057,
    "utility_winogrande_200/acc": 0.595,
    "utility_winogrande_200/acc_stderr": 0.03479841445010401
}