{
  "forget_qa_cos_sim": 0.6782526826153652,
  "holdout_qa_cos_sim": 0.928225367821753
}