{
    "forget_qa_rouge": 0.8853388658367912,
    "holdout_qa_rouge": 0.9506666666666668
}