{
  "forget_qa_cos_sim": 0.501743821927039,
  "holdout_qa_cos_sim": 0.8272738471571343
}