{
    "forget_qa_rouge": 0.3415641930143493,
    "holdout_qa_rouge": 0.7711169490990564
}