{
  "forget_qa_cos_sim": 0.09564396219243029,
  "holdout_qa_cos_sim": 0.07750338016077876
}