{
  "forget_qa_cos_sim": 0.20602877696747524,
  "holdout_qa_cos_sim": 0.8363567663421309
}