{
    "forget_qa_rouge": 0.056363816801468763,
    "holdout_qa_rouge": 0.7771580473866756
}