{
  "forget_qa_cos_sim": 0.5901882593438833,
  "holdout_qa_cos_sim": 0.9901606868505478
}