{
  "forget_qa_cos_sim": 0.08979129892507282,
  "holdout_qa_cos_sim": 0.09300625645555556
}