{
  "forget_qa_cos_sim": 0.7215468639206466,
  "holdout_qa_cos_sim": 0.9989332075119018
}