{
  "forget_qa_cos_sim": 0.6751542232961576,
  "holdout_qa_cos_sim": 0.9395892665088177
}