{
    "forget_qa_rouge": 0.5197095435684648,
    "holdout_qa_rouge": 0.9148333333333334
}