{
  "forget_qa_cos_sim": 0.6427150002653668,
  "holdout_qa_cos_sim": 0.6631268332004547
}