{
    "forget_qa_rouge": 0.924792531120332,
    "holdout_qa_rouge": 0.9388333333333333
}