{
  "forget_qa_cos_sim": 0.6604663019002844,
  "holdout_qa_cos_sim": 0.9766840321421624
}