{
    "forget_qa_rouge": 0.8191217150760719,
    "holdout_qa_rouge": 0.9843333333333333
}