{
  "forget_qa_cos_sim": 0.8432715689508375,
  "holdout_qa_cos_sim": 0.981461854338646
}