{
    "forget_qa_rouge": 0.7014177040110651,
    "holdout_qa_rouge": 0.9668333333333333
}