{
    "utility_1k/": " ",
    "utility_arc_200/acc": 0.845,
    "utility_arc_200/acc_stderr": 0.025654742819715238,
    "utility_mmlu_pro_400/acc": 0.3625,
    "utility_mmlu_pro_400/acc_stderr": 0.024066207238097725,
    "utility_truthfulqa_bin_200/acc": 0.69,
    "utility_truthfulqa_bin_200/acc_stderr": 0.032785276754349606,
    "utility_winogrande_200/acc": 0.695,
    "utility_winogrande_200/acc_stderr": 0.0326374172542057
}