{
  "forget_qa_cos_sim": 0.9547512684001962,
  "holdout_qa_cos_sim": 0.9426028053760529
}