{
  "forget_qa_cos_sim": 0.9038629680253658,
  "holdout_qa_cos_sim": 0.9553897727280856
}