{
    "forget_qa_rouge": 0.7276970954356846,
    "holdout_qa_rouge": 0.9201666666666667
}