{
  "forget_qa_cos_sim": 0.7424351446856107,
  "holdout_qa_cos_sim": 0.8345897158235311
}