{
  "forget_qa_cos_sim": 0.7710367188599594,
  "holdout_qa_cos_sim": 0.8978738659918308
}