{
    "forget_qa_rouge": 0.952627939142462,
    "holdout_qa_rouge": 0.9668333333333332
}