{
  "forget_qa_cos_sim": 0.6810398041003796,
  "holdout_qa_cos_sim": 0.9592762478796765
}