{
    "forget_qa_rouge": 0.5134335214397735,
    "holdout_qa_rouge": 0.9340410638621373
}