{
    "utility_1k/": " ",
    "utility_arc_200/acc": 0.715,
    "utility_arc_200/acc_stderr": 0.03199992148231577,
    "utility_mmlu_pro_400/acc": 0.2275,
    "utility_mmlu_pro_400/acc_stderr": 0.020987151457875025,
    "utility_truthfulqa_bin_200/acc": 0.695,
    "utility_truthfulqa_bin_200/acc_stderr": 0.032637417254205714,
    "utility_winogrande_200/acc": 0.6,
    "utility_winogrande_200/acc_stderr": 0.0347279448103939
}