{
  "forget_qa_cos_sim": 0.6479474113195269,
  "holdout_qa_cos_sim": 0.9980520635843277
}