{
  "forget_qa_cos_sim": 0.3950253609274186,
  "holdout_qa_cos_sim": 0.9663283887952566
}