{
  "forget_qa_cos_sim": 0.2631997546859114,
  "holdout_qa_cos_sim": 0.929084883452057
}