{
    "forget_qa_rouge": 0.4757273774814587,
    "holdout_qa_rouge": 0.9240109128777121
}