{
  "forget_qa_cos_sim": 0.4892773361133878,
  "holdout_qa_cos_sim": 0.9414521274987535
}