{
    "forget_qa_rouge": 0.18448402548784626,
    "holdout_qa_rouge": 0.9036964361020028
}