{
  "forget_qa_cos_sim": 0.45755355527638075,
  "holdout_qa_cos_sim": 0.6513291679172241
}