{
    "forget_qa_rouge": 0.8620410676506544,
    "holdout_qa_rouge": 0.8878101520745656
}