{
  "forget_qa_cos_sim": 0.7407550657345794,
  "holdout_qa_cos_sim": 0.8676584213674069
}