{
  "forget_qa_cos_sim": 0.8293396179792297,
  "holdout_qa_cos_sim": 0.8711398610174655
}