{
  "forget_qa_cos_sim": 0.4939647993281841,
  "holdout_qa_cos_sim": 0.9435684866678072
}