{
    "forget_qa_rouge": 0.22943392141030208,
    "holdout_qa_rouge": 0.9046106478015026
}