{
    "utility_1k/": " ",
    "utility_arc_200/acc": 0.57,
    "utility_arc_200/acc_stderr": 0.035094989549183275,
    "utility_mmlu_pro_400/acc": 0.2425,
    "utility_mmlu_pro_400/acc_stderr": 0.02145659195552425,
    "utility_truthfulqa_bin_200/acc": 0.7,
    "utility_truthfulqa_bin_200/acc_stderr": 0.03248501780682211,
    "utility_winogrande_200/acc": 0.615,
    "utility_winogrande_200/acc_stderr": 0.034493827282617
}