{
  "forget_qa_cos_sim": 0.7180456434419046,
  "holdout_qa_cos_sim": 0.9721800754666329
}