{
    "utility_1k/": " ",
    "utility_arc_200/acc": 0.775,
    "utility_arc_200/acc_stderr": 0.029601626330440604,
    "utility_mmlu_pro_400/acc": 0.305,
    "utility_mmlu_pro_400/acc_stderr": 0.02304920094407608,
    "utility_truthfulqa_bin_200/acc": 0.64,
    "utility_truthfulqa_bin_200/acc_stderr": 0.03402629784040015,
    "utility_winogrande_200/acc": 0.575,
    "utility_winogrande_200/acc_stderr": 0.035043046034511346
}