{
  "forget_qa_cos_sim": 0.627621067819259,
  "holdout_qa_cos_sim": 0.949393670886755
}