{
    "forget_qa_rouge": 0.1037344398340249,
    "holdout_qa_rouge": 0.9088333333333334
}