{
  "forget_qa_cos_sim": 0.7735518062819584,
  "holdout_qa_cos_sim": 0.886441700771451
}