{
    "forget_qa_rouge": 0.9559128630705395,
    "holdout_qa_rouge": 0.9688333333333332
}