{
  "forget_qa_cos_sim": 0.8997651726873089,
  "holdout_qa_cos_sim": 0.892545549929142
}