{
    "forget_qa_rouge": 0.7949861687413555,
    "holdout_qa_rouge": 0.9933333333333334
}