{
  "forget_qa_cos_sim": 0.655796749710542,
  "holdout_qa_cos_sim": 0.9912886632084846
}