{
  "forget_qa_cos_sim": 0.6906124113506301,
  "holdout_qa_cos_sim": 0.9458424513339996
}