{
    "forget_qa_rouge": 0.572475795297372,
    "holdout_qa_rouge": 0.9113333333333333
}