{
  "forget_qa_cos_sim": 0.7387941927954369,
  "holdout_qa_cos_sim": 0.9836296837925911
}