{
  "forget_qa_cos_sim": 0.5322713658113981,
  "holdout_qa_cos_sim": 0.9219353077897845
}