{
    "forget_qa_rouge": 0.3331585717744106,
    "holdout_qa_rouge": 0.8847215408845627
}