{
  "forget_qa_cos_sim": 0.39098720059293435,
  "holdout_qa_cos_sim": 0.9176535289883614
}