{
    "forget_qa_rouge": 0.0968533886583679,
    "holdout_qa_rouge": 0.8568333333333332
}