{
  "forget_qa_cos_sim": 0.5114035875888162,
  "holdout_qa_cos_sim": 0.992009392619133
}