{
    "forget_qa_rouge": 0.13992047026279392,
    "holdout_qa_rouge": 0.9863333333333333
}