{
  "forget_qa_cos_sim": 0.770861660899577,
  "holdout_qa_cos_sim": 0.919176156158609
}