{
    "forget_qa_rouge": 0.6533621206858442,
    "holdout_qa_rouge": 0.8715621136098274
}