{
  "forget_qa_cos_sim": 0.5183276774543357,
  "holdout_qa_cos_sim": 0.9533549327105284
}