{
    "forget_qa_rouge": 0.07102351313969571,
    "holdout_qa_rouge": 0.9176666666666666
}