{
  "forget_qa_cos_sim": 0.6518624860530572,
  "holdout_qa_cos_sim": 0.9919416074156762
}