{
  "forget_qa_cos_sim": 0.9387854944868207,
  "holdout_qa_cos_sim": 0.9551620630472899
}