{
    "utility_1k/": " ",
    "utility_arc_200/acc": 0.84,
    "utility_arc_200/acc_stderr": 0.025988014245457703,
    "utility_mmlu_pro_400/acc": 0.4125,
    "utility_mmlu_pro_400/acc_stderr": 0.024645036407943802,
    "utility_truthfulqa_bin_200/acc": 0.65,
    "utility_truthfulqa_bin_200/acc_stderr": 0.033811478530256706,
    "utility_winogrande_200/acc": 0.69,
    "utility_winogrande_200/acc_stderr": 0.032785276754349606
}