{
  "forget_qa_cos_sim": 0.7236785737496194,
  "holdout_qa_cos_sim": 0.9827323508858681
}