{
  "forget_qa_cos_sim": 0.6943530427384735,
  "holdout_qa_cos_sim": 0.9625787977576256
}