{
    "forget_qa_rouge": 0.32458506224066386,
    "holdout_qa_rouge": 0.9353333333333332
}