{
  "forget_qa_cos_sim": 0.6669336697279913,
  "holdout_qa_cos_sim": 0.9276681508421898
}