{
    "utility_1k/": " ",
    "utility_arc_200/acc": 0.73,
    "utility_arc_200/acc_stderr": 0.031471451528433385,
    "utility_mmlu_pro_400/acc": 0.285,
    "utility_mmlu_pro_400/acc_stderr": 0.02259898859936634,
    "utility_truthfulqa_bin_200/acc": 0.525,
    "utility_truthfulqa_bin_200/acc_stderr": 0.0353997274497642,
    "utility_winogrande_200/acc": 0.55,
    "utility_winogrande_200/acc_stderr": 0.03526639466921485
}