{
  "forget_qa_cos_sim": 0.7412731193103732,
  "holdout_qa_cos_sim": 0.8418690662805146
}