{
    "forget_qa_rouge": 0.7373734241136116,
    "holdout_qa_rouge": 0.837369721067534
}