{
  "forget_qa_cos_sim": 0.4725696397191557,
  "holdout_qa_cos_sim": 0.6790368049268333
}