{
    "forget_qa_rouge": 0.8424649662405826,
    "holdout_qa_rouge": 0.8837317365647386
}