{
  "forget_qa_cos_sim": 0.5084357560260601,
  "holdout_qa_cos_sim": 0.9786215260922909
}