{
  "forget_qa_cos_sim": 0.7635303560327507,
  "holdout_qa_cos_sim": 0.9901523159146309
}