{
    "forget_qa_rouge": 0.4188969571230982,
    "holdout_qa_rouge": 0.9828333333333333
}