{
  "forget_qa_cos_sim": 0.7553396880139506,
  "holdout_qa_cos_sim": 0.8297476505328117
}