{
    "forget_qa_rouge": 0.751070109119779,
    "holdout_qa_rouge": 0.8365742772800426
}