{
  "forget_qa_cos_sim": 0.7186192264819047,
  "holdout_qa_cos_sim": 0.9936948706507682
}