{
    "forget_qa_rouge": 0.8549446749654218,
    "holdout_qa_rouge": 0.9601666666666667
}