{
  "forget_qa_cos_sim": 0.7006363647978335,
  "holdout_qa_cos_sim": 0.988737511575222
}