{
    "forget_qa_rouge": 0.6030082987551868,
    "holdout_qa_rouge": 0.9806666666666668
}