{
  "forget_qa_cos_sim": 0.6703204023825677,
  "holdout_qa_cos_sim": 0.9341417551934719
}