{
    "forget_qa_rouge": 0.6235477178423235,
    "holdout_qa_rouge": 0.9201666666666666
}