{
  "forget_qa_cos_sim": 0.4672288459694763,
  "holdout_qa_cos_sim": 0.9697656870484352
}