{
  "forget_qa_cos_sim": 0.8206064830834681,
  "holdout_qa_cos_sim": 0.8762992049129598
}