{
    "forget_qa_rouge": 0.7252459593202907,
    "holdout_qa_rouge": 0.8000881435772091
}