{
  "forget_qa_cos_sim": 0.4351083517046118,
  "holdout_qa_cos_sim": 0.719215686875871
}