{
    "forget_qa_rouge": 0.8464629673903729,
    "holdout_qa_rouge": 0.8652156326112589
}