{
    "utility_1k/": " ",
    "utility_arc_200/acc": 0.845,
    "utility_arc_200/acc_stderr": 0.02565474281971523,
    "utility_mmlu_pro_400/acc": 0.3575,
    "utility_mmlu_pro_400/acc_stderr": 0.023993198179843533,
    "utility_truthfulqa_bin_200/acc": 0.695,
    "utility_truthfulqa_bin_200/acc_stderr": 0.03263741725420571,
    "utility_winogrande_200/acc": 0.69,
    "utility_winogrande_200/acc_stderr": 0.032785276754349606
}