{
  "forget_qa_cos_sim": 0.7583670395105706,
  "holdout_qa_cos_sim": 0.969345694899559
}