{
    "forget_qa_rouge": 0.6829529737206085,
    "holdout_qa_rouge": 0.9571666666666666
}