{
  "forget_qa_cos_sim": 0.8442224676400052,
  "holdout_qa_cos_sim": 0.9593463194072247
}