{
    "forget_qa_rouge": 0.7479253112033195,
    "holdout_qa_rouge": 0.9458333333333334
}