{
  "forget_qa_cos_sim": 0.5141697486292554,
  "holdout_qa_cos_sim": 0.9827188315520057
}