{
  "forget_qa_cos_sim": 0.7286364249348092,
  "holdout_qa_cos_sim": 0.8532711032178127
}