{
    "forget_qa_rouge": 0.7391042238992916,
    "holdout_qa_rouge": 0.8594816383086762
}