{
  "forget_qa_cos_sim": 0.712068296583986,
  "holdout_qa_cos_sim": 0.8506340091290939
}