{
    "forget_qa_rouge": 0.5637589861799658,
    "holdout_qa_rouge": 0.7612755645061807
}