{
    "utility_1k/": " ",
    "utility_arc_200/acc": 0.87,
    "utility_arc_200/acc_stderr": 0.023839918383725917,
    "utility_mmlu_pro_400/acc": 0.3725,
    "utility_mmlu_pro_400/acc_stderr": 0.0242038000082031,
    "utility_truthfulqa_bin_200/acc": 0.73,
    "utility_truthfulqa_bin_200/acc_stderr": 0.031471451528433385,
    "utility_winogrande_200/acc": 0.63,
    "utility_winogrande_200/acc_stderr": 0.0342250899767933
}