{
  "forget_qa_cos_sim": 0.44532802304836555,
  "holdout_qa_cos_sim": 0.6710465075944704
}