{
    "forget_qa_rouge": 0.8474082360848599,
    "holdout_qa_rouge": 0.8831552531850743
}