{
    "utility_1k/": " ",
    "utility_arc_200/acc": 0.855,
    "utility_arc_200/acc_stderr": 0.024959766620478337,
    "utility_mmlu_pro_400/acc": 0.3925,
    "utility_mmlu_pro_400/acc_stderr": 0.024445927747963322,
    "utility_truthfulqa_bin_200/acc": 0.635,
    "utility_truthfulqa_bin_200/acc_stderr": 0.03412767927155775,
    "utility_winogrande_200/acc": 0.655,
    "utility_winogrande_200/acc_stderr": 0.03369796379336736
}