{
    "utility_1k/": " ",
    "utility_arc_200/acc": 0.825,
    "utility_arc_200/acc_stderr": 0.0269351538433107,
    "utility_mmlu_pro_400/acc": 0.36,
    "utility_mmlu_pro_400/acc_stderr": 0.02403005636744441,
    "utility_truthfulqa_bin_200/acc": 0.625,
    "utility_truthfulqa_bin_200/acc_stderr": 0.03431856376795913,
    "utility_winogrande_200/acc": 0.675,
    "utility_winogrande_200/acc_stderr": 0.03320221279784482
}