{
  "forget_qa_cos_sim": 0.6609372638981788,
  "holdout_qa_cos_sim": 0.9009143236707091
}