{
    "forget_qa_rouge": 0.6849654687098244,
    "holdout_qa_rouge": 0.8947582183665682
}