{
    "utility_1k/": " ",
    "utility_arc_200/acc": 0.685,
    "utility_arc_200/acc_stderr": 0.032928657464464904,
    "utility_mmlu_pro_400/acc": 0.2425,
    "utility_mmlu_pro_400/acc_stderr": 0.02145659195552427,
    "utility_truthfulqa_bin_200/acc": 0.525,
    "utility_truthfulqa_bin_200/acc_stderr": 0.035399727449764204,
    "utility_winogrande_200/acc": 0.59,
    "utility_winogrande_200/acc_stderr": 0.034865138597849274
}