{
  "forget_qa_cos_sim": 0.77175240574165,
  "holdout_qa_cos_sim": 0.8791215878278017
}