{
    "forget_qa_rouge": 0.956777316735823,
    "holdout_qa_rouge": 0.9678333333333332
}