{
  "forget_qa_cos_sim": 0.728207523026407,
  "holdout_qa_cos_sim": 0.970549579590559
}