{
    "forget_qa_rouge": 0.10010373443983403,
    "holdout_qa_rouge": 0.9438333333333334
}