{
    "forget_qa_rouge": 0.37558782849239275,
    "holdout_qa_rouge": 0.9858333333333333
}