{
  "forget_qa_cos_sim": 0.6675590958709045,
  "holdout_qa_cos_sim": 0.9941546339392662
}