{
    "forget_qa_rouge": 0.5479080221300138,
    "holdout_qa_rouge": 0.9916666666666667
}