{
  "forget_qa_cos_sim": 0.6073890752804418,
  "holdout_qa_cos_sim": 0.8568960368660539
}