{
    "forget_qa_rouge": 0.4317800643260873,
    "holdout_qa_rouge": 0.7804898602612321
}