{
    "utility_1k/": " ",
    "utility_arc_200/acc": 0.855,
    "utility_arc_200/acc_stderr": 0.024959766620478344,
    "utility_mmlu_pro_400/acc": 0.3625,
    "utility_mmlu_pro_400/acc_stderr": 0.024066207238097725,
    "utility_truthfulqa_bin_200/acc": 0.7,
    "utility_truthfulqa_bin_200/acc_stderr": 0.032485017806822114,
    "utility_winogrande_200/acc": 0.72,
    "utility_winogrande_200/acc_stderr": 0.03182868716477583
}