{
    "utility_1k/": " ",
    "utility_arc_200/acc": 0.855,
    "utility_arc_200/acc_stderr": 0.024959766620478347,
    "utility_mmlu_pro_400/acc": 0.4025,
    "utility_mmlu_pro_400/acc_stderr": 0.024550788746396227,
    "utility_truthfulqa_bin_200/acc": 0.72,
    "utility_truthfulqa_bin_200/acc_stderr": 0.03182868716477581,
    "utility_winogrande_200/acc": 0.655,
    "utility_winogrande_200/acc_stderr": 0.03369796379336736
}