{
  "forget_qa_cos_sim": 0.76030451257575,
  "holdout_qa_cos_sim": 0.9271011363695408
}