{
    "forget_qa_rouge": 0.6320254597781517,
    "holdout_qa_rouge": 0.8835060345000703
}