{
  "forget_qa_cos_sim": 0.7139162966571903,
  "holdout_qa_cos_sim": 0.9908060222566127
}