{
  "forget_qa_cos_sim": 0.5194520397011299,
  "holdout_qa_cos_sim": 0.983811527967453
}