{
  "forget_qa_cos_sim": 0.4358884629897804,
  "holdout_qa_cos_sim": 0.944671670615673
}