{
  "forget_qa_cos_sim": 0.7786407266044023,
  "holdout_qa_cos_sim": 0.9693416069746017
}