{
    "forget_qa_rouge": 0.35269709543568467,
    "holdout_qa_rouge": 0.9458333333333334
}