{
  "forget_qa_cos_sim": 0.6352034894231692,
  "holdout_qa_cos_sim": 0.9929612790942192
}