{
    "forget_qa_rouge": 0.24438969571230978,
    "holdout_qa_rouge": 0.9866666666666667
}