{
  "forget_qa_cos_sim": 0.8338640659614718,
  "holdout_qa_cos_sim": 0.9786899715960026
}