{
    "forget_qa_rouge": 0.7045643153526971,
    "holdout_qa_rouge": 0.8003333333333332
}