{
  "forget_qa_cos_sim": 0.5844903697735047,
  "holdout_qa_cos_sim": 0.9452818380892277
}