{
    "forget_qa_rouge": 0.44125172890733055,
    "holdout_qa_rouge": 0.9136666666666667
}