{
    "utility_1k/": " ",
    "utility_arc_200/acc": 0.855,
    "utility_arc_200/acc_stderr": 0.024959766620478337,
    "utility_mmlu_pro_400/acc": 0.3675,
    "utility_mmlu_pro_400/acc_stderr": 0.02413639967919174,
    "utility_truthfulqa_bin_200/acc": 0.7,
    "utility_truthfulqa_bin_200/acc_stderr": 0.03248501780682212,
    "utility_winogrande_200/acc": 0.68,
    "utility_winogrande_200/acc_stderr": 0.03306761764450865
}