{
    "utility_1k/": " ",
    "utility_arc_200/acc": 0.695,
    "utility_arc_200/acc_stderr": 0.032637417254205714,
    "utility_mmlu_pro_400/acc": 0.265,
    "utility_mmlu_pro_400/acc_stderr": 0.02209429552479194,
    "utility_truthfulqa_bin_200/acc": 0.55,
    "utility_truthfulqa_bin_200/acc_stderr": 0.03526639466921485,
    "utility_winogrande_200/acc": 0.575,
    "utility_winogrande_200/acc_stderr": 0.035043046034511346
}