{
  "forget_qa_cos_sim": 0.943742329525255,
  "holdout_qa_cos_sim": 0.973429662078619
}