{
  "forget_qa_cos_sim": 0.5575895063439964,
  "holdout_qa_cos_sim": 0.9613052504360676
}