{
    "forget_qa_rouge": 0.43630705394190866,
    "holdout_qa_rouge": 0.9433333333333334
}