{
  "forget_qa_cos_sim": 0.4181409494418079,
  "holdout_qa_cos_sim": 0.9551182347238064
}