{
    "forget_qa_rouge": 0.060857538035961264,
    "holdout_qa_rouge": 0.9213333333333333
}