{
  "forget_qa_cos_sim": 0.7602337866731391,
  "holdout_qa_cos_sim": 0.8185724595778084
}