{
    "forget_qa_rouge": 0.7565635013359916,
    "holdout_qa_rouge": 0.8322805590698235
}