{
  "forget_qa_cos_sim": 0.7233814784167218,
  "holdout_qa_cos_sim": 0.9596752533912659
}