{
    "forget_qa_rouge": 0.8604080221300139,
    "holdout_qa_rouge": 0.9596666666666668
}