{
    "utility_1k/": " ",
    "utility_arc_200/acc": 0.66,
    "utility_arc_200/acc_stderr": 0.03358032446172574,
    "utility_mmlu_pro_400/acc": 0.21,
    "utility_mmlu_pro_400/acc_stderr": 0.020390916450326858,
    "utility_truthfulqa_bin_200/acc": 0.705,
    "utility_truthfulqa_bin_200/acc_stderr": 0.03232801420614266,
    "utility_winogrande_200/acc": 0.565,
    "utility_winogrande_200/acc_stderr": 0.03514328173714407
}