{
  "forget_qa_cos_sim": 0.8132819823775804,
  "holdout_qa_cos_sim": 0.8608999266244569
}