{
    "forget_qa_rouge": 0.7040746997589651,
    "holdout_qa_rouge": 0.771128209100376
}