{
  "forget_qa_cos_sim": 0.7515633284059632,
  "holdout_qa_cos_sim": 0.8267171174533882
}