{
    "forget_qa_rouge": 0.7524619614494571,
    "holdout_qa_rouge": 0.838463805909134
}