{
  "forget_qa_cos_sim": 0.7297843864720887,
  "holdout_qa_cos_sim": 0.6578588807061314
}