{
    "forget_qa_rouge": 0.9403526970954357,
    "holdout_qa_rouge": 0.9526666666666667
}