{
  "forget_qa_cos_sim": 0.6359397615943707,
  "holdout_qa_cos_sim": 0.9415883677750826
}