{
    "forget_qa_rouge": 0.8936721991701245,
    "holdout_qa_rouge": 0.9668333333333332
}