{
  "forget_qa_cos_sim": 0.8473109772653006,
  "holdout_qa_cos_sim": 0.955472438365221
}