{
  "forget_qa_cos_sim": 0.6141133906930314,
  "holdout_qa_cos_sim": 0.966020457804203
}