{
    "forget_qa_rouge": 0.09336099585062241,
    "holdout_qa_rouge": 0.9413333333333332
}