{
  "forget_qa_cos_sim": 0.8372680923565294,
  "holdout_qa_cos_sim": 0.8631770388782024
}