{
    "forget_qa_rouge": 0.9379322268326418,
    "holdout_qa_rouge": 0.9678333333333332
}