{
  "forget_qa_cos_sim": 0.7780864125279965,
  "holdout_qa_cos_sim": 0.9032429651319981
}