{
  "forget_qa_cos_sim": 0.9046466588525728,
  "holdout_qa_cos_sim": 0.9653608577549457
}