{
  "forget_qa_cos_sim": 0.9558685279733412,
  "holdout_qa_cos_sim": 0.9009064118564128
}