{
  "forget_qa_cos_sim": 0.5155556579206182,
  "holdout_qa_cos_sim": 0.9418102237669465
}