{
    "forget_qa_rouge": 0.27643643551076685,
    "holdout_qa_rouge": 0.9043845154183126
}