{
  "forget_qa_cos_sim": 0.9515767263179004,
  "holdout_qa_cos_sim": 0.9538853671550751
}