{
  "forget_qa_cos_sim": 0.4745745998284818,
  "holdout_qa_cos_sim": 0.5833025598136371
}