{
    "forget_qa_rouge": 0.8546558975353695,
    "holdout_qa_rouge": 0.9041512827795134
}