{
  "forget_qa_cos_sim": 0.5560721537229678,
  "holdout_qa_cos_sim": 0.6043942459896207
}