{
    "forget_qa_rouge": 0.9253112033195021,
    "holdout_qa_rouge": 0.9461666666666667
}