{
  "forget_qa_cos_sim": 0.719955077062504,
  "holdout_qa_cos_sim": 0.9930629193782806
}