{
  "forget_qa_cos_sim": 0.6686253468129174,
  "holdout_qa_cos_sim": 0.9346898596963735
}