{
    "forget_qa_rouge": 0.4855974522178065,
    "holdout_qa_rouge": 0.8961954822292794
}