{
  "forget_qa_cos_sim": 0.6755681877788228,
  "holdout_qa_cos_sim": 0.8660601502071986
}