{
    "forget_qa_rouge": 0.506708753791074,
    "holdout_qa_rouge": 0.7919827356209067
}