{
  "forget_qa_cos_sim": 0.8957497310898116,
  "holdout_qa_cos_sim": 0.8733600608110428
}