{
  "forget_qa_cos_sim": 0.7430441992983408,
  "holdout_qa_cos_sim": 0.9969274468421936
}