{
  "forget_qa_cos_sim": 0.48207954509006,
  "holdout_qa_cos_sim": 0.5648729857876897
}