{
  "forget_qa_cos_sim": 0.7493756028564639,
  "holdout_qa_cos_sim": 0.7195495028421283
}