{
  "forget_qa_cos_sim": 0.6427964891743734,
  "holdout_qa_cos_sim": 0.9979584823846817
}