{
  "forget_qa_cos_sim": 0.6139293157150396,
  "holdout_qa_cos_sim": 0.9505166042631112
}