{
    "forget_qa_rouge": 0.4066896950450268,
    "holdout_qa_rouge": 0.9231514233502304
}