{
  "forget_qa_cos_sim": 0.7450394107964029,
  "holdout_qa_cos_sim": 0.8409573197215795
}