{
  "forget_qa_cos_sim": 0.7902341622905612,
  "holdout_qa_cos_sim": 0.9713863704800606
}