{
  "forget_qa_cos_sim": 0.562096487707555,
  "holdout_qa_cos_sim": 0.9894554479718208
}