{
    "forget_qa_rouge": 0.4416147994467497,
    "holdout_qa_rouge": 0.9853333333333333
}