{
  "forget_qa_cos_sim": 0.18377045617212734,
  "holdout_qa_cos_sim": 0.922149644625812
}