{
    "forget_qa_rouge": 0.061247291552953234,
    "holdout_qa_rouge": 0.9017920614839102
}