{
  "forget_qa_cos_sim": 0.4419596270043772,
  "holdout_qa_cos_sim": 0.7092293001290229
}