{
    "forget_qa_rouge": 0.8450806632293258,
    "holdout_qa_rouge": 0.8681055083639577
}