{
  "forget_qa_cos_sim": 0.6065616759957798,
  "holdout_qa_cos_sim": 0.9824084503047293
}