{
    "forget_qa_rouge": 0.37835661983803703,
    "holdout_qa_rouge": 0.9694977322213904
}