{
  "forget_qa_cos_sim": 0.6739300223708895,
  "holdout_qa_cos_sim": 0.994217636525631
}