{
  "forget_qa_cos_sim": 0.6059367583593145,
  "holdout_qa_cos_sim": 0.9698315702080726
}