{
  "forget_qa_cos_sim": 0.6918412941620063,
  "holdout_qa_cos_sim": 0.9928470604419708
}