{
  "forget_qa_cos_sim": 0.7436464013632279,
  "holdout_qa_cos_sim": 0.9855908738970757
}