{
  "forget_qa_cos_sim": 0.5749511550594355,
  "holdout_qa_cos_sim": 0.9853216552163967
}