{
    "forget_qa_rouge": 0.32054242118500537,
    "holdout_qa_rouge": 0.9762963345468315
}