{
    "utility_1k/": " ",
    "utility_arc_200/acc": 0.85,
    "utility_arc_200/acc_stderr": 0.025312121949531256,
    "utility_mmlu_pro_400/acc": 0.395,
    "utility_mmlu_pro_400/acc_stderr": 0.024473145222727904,
    "utility_truthfulqa_bin_200/acc": 0.715,
    "utility_truthfulqa_bin_200/acc_stderr": 0.03199992148231578,
    "utility_winogrande_200/acc": 0.635,
    "utility_winogrande_200/acc_stderr": 0.03412767927155775
}