{
  "forget_qa_cos_sim": 0.37159738773266554,
  "holdout_qa_cos_sim": 0.8607832342145546
}