{
    "forget_qa_rouge": 0.5673990813709466,
    "holdout_qa_rouge": 0.8199200181307538
}