{
  "forget_qa_cos_sim": 0.17188059447799686,
  "holdout_qa_cos_sim": 0.9674341335226798
}