{
    "forget_qa_rouge": 0.027071651863246164,
    "holdout_qa_rouge": 0.9496928960149635
}