{
  "forget_qa_cos_sim": 0.9422053111972156,
  "holdout_qa_cos_sim": 0.9658611056506634
}