{
    "forget_qa_rouge": 0.8901106500691564,
    "holdout_qa_rouge": 0.9386666666666666
}