{
  "forget_qa_cos_sim": 0.79369739984081,
  "holdout_qa_cos_sim": 0.8935417357683182
}