{
    "forget_qa_rouge": 0.9102697095435685,
    "holdout_qa_rouge": 0.9516666666666667
}