{
  "forget_qa_cos_sim": 0.8626139949064284,
  "holdout_qa_cos_sim": 0.9575494611263276
}