{
    "forget_qa_rouge": 0.5763658367911481,
    "holdout_qa_rouge": 0.9253333333333333
}