{
  "forget_qa_cos_sim": 0.6711692696754121,
  "holdout_qa_cos_sim": 0.9943129906654358
}