{
  "forget_qa_cos_sim": 0.6190447622361396,
  "holdout_qa_cos_sim": 1.000000032544136
}