{
  "forget_qa_cos_sim": 0.7873010297472052,
  "holdout_qa_cos_sim": 0.9642808977365493
}