{
  "forget_qa_cos_sim": 0.9070597227307277,
  "holdout_qa_cos_sim": 0.9639633007347583
}