{
    "forget_qa_rouge": 0.855255878284924,
    "holdout_qa_rouge": 0.9443333333333334
}