{
  "forget_qa_cos_sim": 0.6105168760441151,
  "holdout_qa_cos_sim": 0.9757124070525169
}