{
  "forget_qa_cos_sim": 0.9424607426206353,
  "holdout_qa_cos_sim": 0.9599748501479626
}