{
    "forget_qa_rouge": 0.8651798063623789,
    "holdout_qa_rouge": 0.9276666666666666
}