{
  "forget_qa_cos_sim": 0.7929233127115178,
  "holdout_qa_cos_sim": 0.9532189272493125
}