{
  "forget_qa_cos_sim": 0.9074882092070283,
  "holdout_qa_cos_sim": 0.969231129437685
}