{
    "forget_qa_rouge": 0.895746887966805,
    "holdout_qa_rouge": 0.9461666666666667
}