{
  "forget_qa_cos_sim": 0.7660823680800521,
  "holdout_qa_cos_sim": 0.9256271276772022
}