{
  "forget_qa_cos_sim": 0.7571846442413034,
  "holdout_qa_cos_sim": 0.9387960166335106
}