{
  "forget_qa_cos_sim": 0.6696717809051028,
  "holdout_qa_cos_sim": 0.9781373234391213
}