{
    "forget_qa_rouge": 0.5649723374827109,
    "holdout_qa_rouge": 0.9721666666666667
}