{
  "forget_qa_cos_sim": 0.7217477157217338,
  "holdout_qa_cos_sim": 0.9617758097052574
}