{
    "forget_qa_rouge": 0.5542531120331949,
    "holdout_qa_rouge": 0.9646666666666667
}