{
  "forget_qa_cos_sim": 0.7929217866718522,
  "holdout_qa_cos_sim": 0.9585814126431942
}