{
    "forget_qa_rouge": 0.8860650069156293,
    "holdout_qa_rouge": 0.9748333333333332
}