{
    "utility_1k/": " ",
    "utility_arc_200/acc": 0.785,
    "utility_arc_200/acc_stderr": 0.02912242397001744,
    "utility_mmlu_pro_400/acc": 0.3125,
    "utility_mmlu_pro_400/acc_stderr": 0.023204644228784484,
    "utility_truthfulqa_bin_200/acc": 0.635,
    "utility_truthfulqa_bin_200/acc_stderr": 0.03412767927155775,
    "utility_winogrande_200/acc": 0.575,
    "utility_winogrande_200/acc_stderr": 0.035043046034511346
}