{
  "forget_qa_cos_sim": 0.8318267458763855,
  "holdout_qa_cos_sim": 0.9679616527557373
}