{
    "forget_qa_rouge": 0.7978215767634854,
    "holdout_qa_rouge": 0.9546666666666668
}