{
  "forget_qa_cos_sim": 0.8716915989317835,
  "holdout_qa_cos_sim": 0.9687930563390255
}