{
    "forget_qa_rouge": 0.5941735822959889,
    "holdout_qa_rouge": 0.9483333333333334
}