{
  "forget_qa_cos_sim": 0.3968898852366453,
  "holdout_qa_cos_sim": 0.7358800823001244
}