{
    "forget_qa_rouge": 0.8498952834051827,
    "holdout_qa_rouge": 0.876095734395933
}