{
  "forget_qa_cos_sim": 0.4090519139178281,
  "holdout_qa_cos_sim": 0.37342036123689315
}