{
    "forget_qa_rouge": 0.8599048591407049,
    "holdout_qa_rouge": 0.8867770290235498
}