{
  "forget_qa_cos_sim": 0.9048755887385721,
  "holdout_qa_cos_sim": 0.9052957876175642
}