{
  "forget_qa_cos_sim": 0.6735933382697867,
  "holdout_qa_cos_sim": 0.4922600974701345
}