{
  "forget_qa_cos_sim": 0.6547137219458818,
  "holdout_qa_cos_sim": 1.000000032544136
}