{
  "forget_qa_cos_sim": 0.4410339875370882,
  "holdout_qa_cos_sim": 0.9645774293839932
}