{
  "forget_qa_cos_sim": 0.3884857788728357,
  "holdout_qa_cos_sim": 0.9811175938844681
}