{
  "forget_qa_cos_sim": 0.590166630415222,
  "holdout_qa_cos_sim": 0.8793205193826481
}