{
    "forget_qa_rouge": 0.3500794678286863,
    "holdout_qa_rouge": 0.804218699347924
}