{
  "forget_qa_cos_sim": 0.725248877904318,
  "holdout_qa_cos_sim": 0.9194875406439672
}