{
    "forget_qa_rouge": 0.5805269611712821,
    "holdout_qa_rouge": 0.8739658728724334
}