{
  "forget_qa_cos_sim": 0.6251151089453969,
  "holdout_qa_cos_sim": 0.9534801035397699
}