{
    "forget_qa_rouge": 0.6362295484994339,
    "holdout_qa_rouge": 0.935812470057003
}