{
  "forget_qa_cos_sim": 0.7917368916245912,
  "holdout_qa_cos_sim": 0.9071382103264332
}