{
    "forget_qa_rouge": 0.9416666666666667,
    "holdout_qa_rouge": 0.9608333333333332
}