{
  "forget_qa_cos_sim": 0.7272962466232963,
  "holdout_qa_cos_sim": 0.9512695095175465
}