{
    "forget_qa_rouge": 0.5928972902748519,
    "holdout_qa_rouge": 0.9249262720932702
}