{
  "forget_qa_cos_sim": 0.7817347342169126,
  "holdout_qa_cos_sim": 0.9237357234038963
}