{
    "forget_qa_rouge": 0.6821796589424238,
    "holdout_qa_rouge": 0.886216323989684
}