{
  "forget_qa_cos_sim": 0.8984713865389963,
  "holdout_qa_cos_sim": 0.8834990884661674
}