{
    "utility_1k/": " ",
    "utility_arc_200/acc": 0.85,
    "utility_arc_200/acc_stderr": 0.02531212194953126,
    "utility_mmlu_pro_400/acc": 0.34,
    "utility_mmlu_pro_400/acc_stderr": 0.023715100991511584,
    "utility_truthfulqa_bin_200/acc": 0.745,
    "utility_truthfulqa_bin_200/acc_stderr": 0.030897382432918608,
    "utility_winogrande_200/acc": 0.68,
    "utility_winogrande_200/acc_stderr": 0.03306761764450864
}