{
  "forget_qa_cos_sim": 0.9576522761422569,
  "holdout_qa_cos_sim": 0.955794099420309
}