{
    "forget_qa_rouge": 0.9146265560165976,
    "holdout_qa_rouge": 0.9378333333333333
}