{
  "forget_qa_cos_sim": 0.2479308305377782,
  "holdout_qa_cos_sim": 0.9765804672390223
}