{
    "forget_qa_rouge": 0.00933609958506224,
    "holdout_qa_rouge": 0.9633333333333333
}