{
    "utility_1k/": " ",
    "utility_arc_200/acc": 0.81,
    "utility_arc_200/acc_stderr": 0.027809473820460097,
    "utility_mmlu_pro_400/acc": 0.33,
    "utility_mmlu_pro_400/acc_stderr": 0.023540079403983855,
    "utility_truthfulqa_bin_200/acc": 0.695,
    "utility_truthfulqa_bin_200/acc_stderr": 0.0326374172542057,
    "utility_winogrande_200/acc": 0.565,
    "utility_winogrande_200/acc_stderr": 0.03514328173714407
}