{
    "utility_1k/": " ",
    "utility_arc_200/acc": 0.855,
    "utility_arc_200/acc_stderr": 0.024959766620478344,
    "utility_mmlu_pro_400/acc": 0.3775,
    "utility_mmlu_pro_400/acc_stderr": 0.024268431488608633,
    "utility_truthfulqa_bin_200/acc": 0.73,
    "utility_truthfulqa_bin_200/acc_stderr": 0.031471451528433385,
    "utility_winogrande_200/acc": 0.685,
    "utility_winogrande_200/acc_stderr": 0.032928657464464904
}