{
    "forget_qa_rouge": 0.7006224066390041,
    "holdout_qa_rouge": 0.7973333333333332
}