{
  "forget_qa_cos_sim": 0.5295178187883596,
  "holdout_qa_cos_sim": 0.9850164014417203
}