{
    "forget_qa_rouge": 0.23911804493603728,
    "holdout_qa_rouge": 0.9746284199564518
}