{
  "forget_qa_cos_sim": 0.6329452037904025,
  "holdout_qa_cos_sim": 0.6624502599909902
}