{
    "forget_qa_rouge": 0.9201244813278008,
    "holdout_qa_rouge": 0.9331666666666667
}