{
  "forget_qa_cos_sim": 0.9582675903788246,
  "holdout_qa_cos_sim": 0.9149644120186567
}