{
  "forget_qa_cos_sim": 0.8487465877503281,
  "holdout_qa_cos_sim": 0.955179644614458
}