{
  "forget_qa_cos_sim": 0.5697632815333323,
  "holdout_qa_cos_sim": 0.9967796670198441
}