{
    "forget_qa_rouge": 0.44949861687413556,
    "holdout_qa_rouge": 0.9963333333333333
}