{
  "forget_qa_cos_sim": 0.5085581926574846,
  "holdout_qa_cos_sim": 0.9880211836695671
}