{
  "forget_qa_cos_sim": 0.7355276173699447,
  "holdout_qa_cos_sim": 0.9818285371959209
}