{
  "forget_qa_cos_sim": 0.6936483598796547,
  "holdout_qa_cos_sim": 0.9455784939686649
}