{
    "forget_qa_rouge": 0.526206151727166,
    "holdout_qa_rouge": 0.9095558682536812
}