{
  "forget_qa_cos_sim": 0.30986748215735616,
  "holdout_qa_cos_sim": 0.8769834906590966
}