{
    "forget_qa_rouge": 0.6242039308381788,
    "holdout_qa_rouge": 0.895976378381945
}