{
  "forget_qa_cos_sim": 0.9419400506494451,
  "holdout_qa_cos_sim": 0.9575858713090419
}