{
  "forget_qa_cos_sim": 0.6153621739124362,
  "holdout_qa_cos_sim": 0.9278050854802131
}