{
    "forget_qa_rouge": 0.8290629322268327,
    "holdout_qa_rouge": 0.9283333333333332
}