{
  "forget_qa_cos_sim": 0.6682954617633965,
  "holdout_qa_cos_sim": 0.8392754967590216
}