{
    "forget_qa_rouge": 0.5203967301657472,
    "holdout_qa_rouge": 0.7527209040131504
}