{
  "forget_qa_cos_sim": 0.8939196763258752,
  "holdout_qa_cos_sim": 0.9128904459178447
}