{
    "forget_qa_rouge": 0.9061203319502075,
    "holdout_qa_rouge": 0.9483333333333333
}