{
  "forget_qa_cos_sim": 0.7608265793937626,
  "holdout_qa_cos_sim": 0.8149533122742592
}