{
    "forget_qa_rouge": 0.7594538898637544,
    "holdout_qa_rouge": 0.8349014140266625
}