{
  "forget_qa_cos_sim": 0.725546420547972,
  "holdout_qa_cos_sim": 0.9234527055919171
}