{
    "forget_qa_rouge": 0.8934993084370677,
    "holdout_qa_rouge": 0.9601666666666667
}