{
  "forget_qa_cos_sim": 0.8049115143809081,
  "holdout_qa_cos_sim": 0.9118078830838203
}