{
  "forget_qa_cos_sim": 0.47398880105006297,
  "holdout_qa_cos_sim": 0.9482329843850958
}