{
    "forget_qa_rouge": 0.15315634637447764,
    "holdout_qa_rouge": 0.9112273688317426
}