{
    "utility_1k/": " ",
    "utility_arc_200/acc": 0.865,
    "utility_arc_200/acc_stderr": 0.024224141785131013,
    "utility_mmlu_pro_400/acc": 0.3525,
    "utility_mmlu_pro_400/acc_stderr": 0.023917346710791567,
    "utility_truthfulqa_bin_200/acc": 0.69,
    "utility_truthfulqa_bin_200/acc_stderr": 0.032785276754349606,
    "utility_winogrande_200/acc": 0.705,
    "utility_winogrande_200/acc_stderr": 0.03232801420614267
}