{
  "forget_qa_cos_sim": 0.9447685575336836,
  "holdout_qa_cos_sim": 0.956704898878932
}