{
    "forget_qa_rouge": 0.8609958506224067,
    "holdout_qa_rouge": 0.9381666666666666
}