{
  "forget_qa_cos_sim": 0.5947024027712612,
  "holdout_qa_cos_sim": 0.9542793784737587
}