{
    "forget_qa_rouge": 0.27809474412171503,
    "holdout_qa_rouge": 0.9338333333333334
}