{
  "forget_qa_cos_sim": 0.7198541234885014,
  "holdout_qa_cos_sim": 0.9930820637345315
}