{
  "forget_qa_cos_sim": 0.7394797465613274,
  "holdout_qa_cos_sim": 0.979030583024025
}