{
  "forget_qa_cos_sim": 0.6879838311898523,
  "holdout_qa_cos_sim": 0.8536436572619094
}