{
    "forget_qa_rouge": 0.5224384218305719,
    "holdout_qa_rouge": 0.7674701430665645
}