{
  "forget_qa_cos_sim": 0.30590461733770086,
  "holdout_qa_cos_sim": 0.9293617017127166
}