{
    "forget_qa_rouge": 0.5767606096192411,
    "holdout_qa_rouge": 0.9272337117267535
}