{
  "forget_qa_cos_sim": 0.49291626234338615,
  "holdout_qa_cos_sim": 0.952524159207823
}