{
    "forget_qa_rouge": 0.18847721496210554,
    "holdout_qa_rouge": 0.9181960186930366
}