{
  "forget_qa_cos_sim": 0.7302920726819652,
  "holdout_qa_cos_sim": 0.983709940046072
}