{
  "forget_qa_cos_sim": 0.635305814604175,
  "holdout_qa_cos_sim": 0.9728318922236473
}