{
    "forget_qa_rouge": 0.4327041566360774,
    "holdout_qa_rouge": 0.9551565068463677
}