{
    "forget_qa_rouge": 0.43814834024896265,
    "holdout_qa_rouge": 0.7363333333333334
}