{
  "forget_qa_cos_sim": 0.6093056058487951,
  "holdout_qa_cos_sim": 0.9419635393023491
}