{
    "forget_qa_rouge": 0.9050829875518672,
    "holdout_qa_rouge": 0.9853333333333333
}