{
  "forget_qa_cos_sim": 0.6804633110730727,
  "holdout_qa_cos_sim": 0.5113546129902825
}