{
  "forget_qa_cos_sim": 0.9088228569362173,
  "holdout_qa_cos_sim": 0.9738896366655827
}