{
    "forget_qa_rouge": 0.8706431535269709,
    "holdout_qa_rouge": 0.9638333333333333
}