{
  "forget_qa_cos_sim": 0.9560715370653081,
  "holdout_qa_cos_sim": 0.9483931943774223
}