{
    "forget_qa_rouge": 0.8926348547717843,
    "holdout_qa_rouge": 0.9491666666666666
}