{
  "forget_qa_cos_sim": 0.5792682699982803,
  "holdout_qa_cos_sim": 0.9972282845973969
}