{
    "forget_qa_rouge": 0.45200553250345776,
    "holdout_qa_rouge": 0.9953333333333333
}