{
  "forget_qa_cos_sim": 0.6251437091326565,
  "holdout_qa_cos_sim": 0.9955870473980903
}