{
  "forget_qa_cos_sim": 0.2996070655782556,
  "holdout_qa_cos_sim": 0.8822700843701774
}