{
    "forget_qa_rouge": 0.16216996792717528,
    "holdout_qa_rouge": 0.8377388626394592
}