{
  "forget_qa_cos_sim": 0.7421518050699639,
  "holdout_qa_cos_sim": 0.9133930484768149
}