{
    "forget_qa_rouge": 0.6071587958180524,
    "holdout_qa_rouge": 0.862199386652667
}