{
  "forget_qa_cos_sim": 0.955974658835231,
  "holdout_qa_cos_sim": 0.9004573678821325
}