{
    "utility_1k/": " ",
    "utility_arc_200/acc": 0.825,
    "utility_arc_200/acc_stderr": 0.026935153843310695,
    "utility_mmlu_pro_400/acc": 0.325,
    "utility_mmlu_pro_400/acc_stderr": 0.023448070924389292,
    "utility_truthfulqa_bin_200/acc": 0.7,
    "utility_truthfulqa_bin_200/acc_stderr": 0.032485017806822114,
    "utility_winogrande_200/acc": 0.61,
    "utility_winogrande_200/acc_stderr": 0.03457567623250011
}