{
  "forget_qa_cos_sim": 0.5114586273827417,
  "holdout_qa_cos_sim": 0.9866194849432904
}