{
    "forget_qa_rouge": 0.2100180713501311,
    "holdout_qa_rouge": 0.979303974134988
}