{
  "forget_qa_cos_sim": 0.6075133594116234,
  "holdout_qa_cos_sim": 0.9823920537233353
}