{
  "forget_qa_cos_sim": 0.1431338740164932,
  "holdout_qa_cos_sim": 0.07787459192797541
}