{
  "forget_qa_cos_sim": 0.7761132417090778,
  "holdout_qa_cos_sim": 0.9339590478222565
}