{
    "forget_qa_rouge": 0.6651264042198394,
    "holdout_qa_rouge": 0.8959874232240037
}