{
  "forget_qa_cos_sim": 0.7717355091851282,
  "holdout_qa_cos_sim": 0.8918969304710627
}