{
    "forget_qa_rouge": 0.9536652835408023,
    "holdout_qa_rouge": 0.9668333333333332
}