{
    "utility_1k/": " ",
    "utility_arc_200/acc": 0.795,
    "utility_arc_200/acc_stderr": 0.028617649261360192,
    "utility_mmlu_pro_400/acc": 0.34,
    "utility_mmlu_pro_400/acc_stderr": 0.023715100991511587,
    "utility_truthfulqa_bin_200/acc": 0.72,
    "utility_truthfulqa_bin_200/acc_stderr": 0.03182868716477582,
    "utility_winogrande_200/acc": 0.595,
    "utility_winogrande_200/acc_stderr": 0.034798414450104
}