{
  "forget_qa_cos_sim": 0.6098214505023914,
  "holdout_qa_cos_sim": 0.9046252247095108
}