{
    "forget_qa_rouge": 0.09076763485477178,
    "holdout_qa_rouge": 0.8246666666666668
}