{
  "forget_qa_cos_sim": 0.7435623730119333,
  "holdout_qa_cos_sim": 0.8074338620752096
}