{
  "forget_qa_cos_sim": 0.766000540666321,
  "holdout_qa_cos_sim": 0.9399892013178647
}