{
    "forget_qa_rouge": 0.6492216738916982,
    "holdout_qa_rouge": 0.9082812647921992
}