{
  "forget_qa_cos_sim": 0.4755900958668889,
  "holdout_qa_cos_sim": 0.9783796283304691
}