{
    "forget_qa_rouge": 0.16784232365145227,
    "holdout_qa_rouge": 0.9666666666666668
}