{
  "forget_qa_cos_sim": 0.9522389477095663,
  "holdout_qa_cos_sim": 0.952357636153698
}