{
  "forget_qa_cos_sim": 0.532203818431812,
  "holdout_qa_cos_sim": 0.9439047818183899
}