{
    "forget_qa_rouge": 0.10146957123098202,
    "holdout_qa_rouge": 0.8973333333333333
}