{
  "forget_qa_cos_sim": 0.7136525312106268,
  "holdout_qa_cos_sim": 0.9986277961730957
}