{
  "forget_qa_cos_sim": 0.258958394440734,
  "holdout_qa_cos_sim": 0.907087774385597
}