{
    "forget_qa_rouge": 0.41839587509090814,
    "holdout_qa_rouge": 0.8922773603688118
}