{
  "forget_qa_cos_sim": 0.6950229815984168,
  "holdout_qa_cos_sim": 0.8929439150989056
}