{
  "forget_qa_cos_sim": 0.5213242979001455,
  "holdout_qa_cos_sim": 0.8981865344643593
}