{
    "forget_qa_rouge": 0.10546334716459198,
    "holdout_qa_rouge": 0.8294666666666667
}