{
    "utility_1k/": " ",
    "utility_arc_200/acc": 0.845,
    "utility_arc_200/acc_stderr": 0.025654742819715234,
    "utility_mmlu_pro_400/acc": 0.3475,
    "utility_mmlu_pro_400/acc_stderr": 0.023838625698390636,
    "utility_truthfulqa_bin_200/acc": 0.715,
    "utility_truthfulqa_bin_200/acc_stderr": 0.03199992148231577,
    "utility_winogrande_200/acc": 0.655,
    "utility_winogrande_200/acc_stderr": 0.03369796379336736
}