{
    "utility_1k/": " ",
    "utility_arc_200/acc": 0.82,
    "utility_arc_200/acc_stderr": 0.027234326551496865,
    "utility_mmlu_pro_400/acc": 0.33,
    "utility_mmlu_pro_400/acc_stderr": 0.023540079403983852,
    "utility_truthfulqa_bin_200/acc": 0.69,
    "utility_truthfulqa_bin_200/acc_stderr": 0.032785276754349606,
    "utility_winogrande_200/acc": 0.59,
    "utility_winogrande_200/acc_stderr": 0.034865138597849274
}