{
  "forget_qa_cos_sim": 0.6165849037798841,
  "holdout_qa_cos_sim": 0.5846482535973191
}