{
  "forget_qa_cos_sim": 0.5264198879597138,
  "holdout_qa_cos_sim": 0.9355244533809064
}