{
    "forget_qa_rouge": 0.28149690223326906,
    "holdout_qa_rouge": 0.8886318452918851
}