{
  "forget_qa_cos_sim": 0.715560241702319,
  "holdout_qa_cos_sim": 0.9074366184637576
}