{
    "forget_qa_rouge": 0.7084462448130388,
    "holdout_qa_rouge": 0.886227870870018
}