{
  "forget_qa_cos_sim": 0.4153124571341202,
  "holdout_qa_cos_sim": 0.9579188735187054
}