{
    "forget_qa_rouge": 0.05878284923928077,
    "holdout_qa_rouge": 0.9263333333333332
}