{
  "forget_qa_cos_sim": 0.6821885660785363,
  "holdout_qa_cos_sim": 0.9286942220330239
}