{
    "forget_qa_rouge": 0.9222856154910096,
    "holdout_qa_rouge": 0.9781666666666667
}