{
  "forget_qa_cos_sim": 0.5201091525527451,
  "holdout_qa_cos_sim": 0.5928219061344862
}