{
  "forget_qa_cos_sim": 0.8120682333824051,
  "holdout_qa_cos_sim": 0.9011476681679487
}