{
  "forget_qa_cos_sim": 0.484933243438416,
  "holdout_qa_cos_sim": 0.982904396623373
}