{
  "forget_qa_cos_sim": 0.7511736765544643,
  "holdout_qa_cos_sim": 0.8292986383281558
}