{
    "forget_qa_rouge": 0.7575747175521402,
    "holdout_qa_rouge": 0.8408578830050002
}