{
  "forget_qa_cos_sim": 0.8715050070009415,
  "holdout_qa_cos_sim": 0.9704972139000893
}