{
    "forget_qa_rouge": 0.6009163208852005,
    "holdout_qa_rouge": 0.9513333333333334
}