{
  "forget_qa_cos_sim": 0.9474455089118965,
  "holdout_qa_cos_sim": 0.9573321173787117
}