{
    "forget_qa_rouge": 0.858402489626556,
    "holdout_qa_rouge": 0.9316666666666666
}