{
  "forget_qa_cos_sim": 0.6069019118408939,
  "holdout_qa_cos_sim": 0.9869947463274003
}