{
    "utility_1k/": " ",
    "utility_arc_200/acc": 0.835,
    "utility_arc_200/acc_stderr": 0.02631229148928474,
    "utility_mmlu_pro_400/acc": 0.3225,
    "utility_mmlu_pro_400/acc_stderr": 0.02340092697861872,
    "utility_truthfulqa_bin_200/acc": 0.705,
    "utility_truthfulqa_bin_200/acc_stderr": 0.032328014206142675,
    "utility_winogrande_200/acc": 0.62,
    "utility_winogrande_200/acc_stderr": 0.03440813273035819
}