{
  "forget_qa_cos_sim": 0.6621965626525187,
  "holdout_qa_cos_sim": 0.9219346803575754
}