{
  "forget_qa_cos_sim": 0.8369982836157455,
  "holdout_qa_cos_sim": 0.952967813462019
}