{
  "forget_qa_cos_sim": 0.7444239756502057,
  "holdout_qa_cos_sim": 0.945595647931099
}