{
  "forget_qa_cos_sim": 0.09690273369380362,
  "holdout_qa_cos_sim": 0.09300625645555556
}