{
    "utility_1k/": " ",
    "utility_arc_200/acc": 0.85,
    "utility_arc_200/acc_stderr": 0.025312121949531256,
    "utility_mmlu_pro_400/acc": 0.35,
    "utility_mmlu_pro_400/acc_stderr": 0.023878346647046002,
    "utility_truthfulqa_bin_200/acc": 0.74,
    "utility_truthfulqa_bin_200/acc_stderr": 0.031093957143700265,
    "utility_winogrande_200/acc": 0.68,
    "utility_winogrande_200/acc_stderr": 0.03306761764450865
}