{
    "utility_1k/": " ",
    "utility_arc_200/acc": 0.495,
    "utility_arc_200/acc_stderr": 0.035442288003096976,
    "utility_mmlu_pro_400/acc": 0.2025,
    "utility_mmlu_pro_400/acc_stderr": 0.020118306106665786,
    "utility_truthfulqa_bin_200/acc": 0.665,
    "utility_truthfulqa_bin_200/acc_stderr": 0.03345851702943581,
    "utility_winogrande_200/acc": 0.595,
    "utility_winogrande_200/acc_stderr": 0.034798414450104
}