{
  "forget_qa_cos_sim": 0.748983845276452,
  "holdout_qa_cos_sim": 0.846227721427462
}