{
    "forget_qa_rouge": 0.7497038188163578,
    "holdout_qa_rouge": 0.8415821090771389
}