{
  "forget_qa_cos_sim": 0.709767062907968,
  "holdout_qa_cos_sim": 0.8434033881843941
}