{
    "forget_qa_rouge": 0.5647931580981251,
    "holdout_qa_rouge": 0.750164955433345
}