{
  "forget_qa_cos_sim": 0.7662595537891944,
  "holdout_qa_cos_sim": 0.9025456294093868
}