{
    "forget_qa_rouge": 0.6497500560109105,
    "holdout_qa_rouge": 0.8492691039907739
}