{
  "forget_qa_cos_sim": 0.42160973704083826,
  "holdout_qa_cos_sim": 0.9211055287718772
}