{
    "forget_qa_rouge": 0.0454356846473029,
    "holdout_qa_rouge": 0.8686666666666667
}