{
  "forget_qa_cos_sim": 0.7860569154449518,
  "holdout_qa_cos_sim": 0.9460543002039195
}