{
    "forget_qa_rouge": 0.25933609958506226,
    "holdout_qa_rouge": 0.9038333333333334
}