{
  "forget_qa_cos_sim": 0.4728399728311303,
  "holdout_qa_cos_sim": 0.9580571395796134
}