{
    "forget_qa_rouge": 0.20203694264131916,
    "holdout_qa_rouge": 0.929119152329888
}