{
  "forget_qa_cos_sim": 0.9167882738967283,
  "holdout_qa_cos_sim": 0.9702674639821053
}