{
    "utility_1k/": " ",
    "utility_arc_200/acc": 0.79,
    "utility_arc_200/acc_stderr": 0.028873315391699354,
    "utility_mmlu_pro_400/acc": 0.3425,
    "utility_mmlu_pro_400/acc_stderr": 0.023757006617175478,
    "utility_truthfulqa_bin_200/acc": 0.66,
    "utility_truthfulqa_bin_200/acc_stderr": 0.03358032446172574,
    "utility_winogrande_200/acc": 0.58,
    "utility_winogrande_200/acc_stderr": 0.0349874349304872
}