{
  "forget_qa_cos_sim": 0.6966652492548173,
  "holdout_qa_cos_sim": 0.9920424109697342
}