{
  "forget_qa_cos_sim": 0.766538367602835,
  "holdout_qa_cos_sim": 0.9823458032011986
}