{
    "forget_qa_rouge": 0.21628630705394192,
    "holdout_qa_rouge": 0.9638333333333332
}