{
  "forget_qa_cos_sim": 0.6658984489151552,
  "holdout_qa_cos_sim": 0.9769895661771297
}