{
  "forget_qa_cos_sim": 0.6457394288458641,
  "holdout_qa_cos_sim": 0.9770733234584331
}