{
    "forget_qa_rouge": 0.5374827109266942,
    "holdout_qa_rouge": 0.9641666666666667
}