{
  "forget_qa_cos_sim": 0.9452817454253984,
  "holdout_qa_cos_sim": 0.9699447626471519
}