{
    "forget_qa_rouge": 0.9051521438450898,
    "holdout_qa_rouge": 0.9476666666666667
}