{
  "forget_qa_cos_sim": 0.5156296119905421,
  "holdout_qa_cos_sim": 0.9778277108520269
}