{
    "utility_1k/": " ",
    "utility_arc_200/acc": 0.82,
    "utility_arc_200/acc_stderr": 0.027234326551496855,
    "utility_mmlu_pro_400/acc": 0.365,
    "utility_mmlu_pro_400/acc_stderr": 0.024101653974588088,
    "utility_truthfulqa_bin_200/acc": 0.665,
    "utility_truthfulqa_bin_200/acc_stderr": 0.033458517029435815,
    "utility_winogrande_200/acc": 0.655,
    "utility_winogrande_200/acc_stderr": 0.03369796379336736
}