{
  "forget_qa_cos_sim": 0.8398862323217496,
  "holdout_qa_cos_sim": 0.9788072197437286
}