{
    "forget_qa_rouge": 0.6999308437067774,
    "holdout_qa_rouge": 0.9688333333333333
}