{
  "forget_qa_cos_sim": 0.7271616251239267,
  "holdout_qa_cos_sim": 0.8204292957134883
}