{
    "forget_qa_rouge": 0.6212071967629452,
    "holdout_qa_rouge": 0.7356963557758786
}