{
  "forget_qa_cos_sim": 0.7257366615088648,
  "holdout_qa_cos_sim": 0.9593656470477581
}