{
    "forget_qa_rouge": 0.09232365145228216,
    "holdout_qa_rouge": 0.9133333333333333
}