{
  "forget_qa_cos_sim": 0.809662176674827,
  "holdout_qa_cos_sim": 0.9848478282690049
}