{
    "forget_qa_rouge": 0.6033195020746887,
    "holdout_qa_rouge": 0.9756666666666668
}