{
  "forget_qa_cos_sim": 0.9578345669317542,
  "holdout_qa_cos_sim": 0.9569305809736252
}