{
    "forget_qa_rouge": 0.9160096818810511,
    "holdout_qa_rouge": 0.9418333333333333
}