{
  "forget_qa_cos_sim": 0.45945533478976114,
  "holdout_qa_cos_sim": 0.9572311034049054
}