{
    "forget_qa_rouge": 0.6265210408055146,
    "holdout_qa_rouge": 0.9522469798811746
}