{
  "forget_qa_cos_sim": 0.9590758048770833,
  "holdout_qa_cos_sim": 0.9294734618216753
}