{
  "forget_qa_cos_sim": 0.772510782239719,
  "holdout_qa_cos_sim": 0.982205640554428
}