{
    "forget_qa_rouge": 0.708195020746888,
    "holdout_qa_rouge": 0.9716666666666668
}