{
  "forget_qa_cos_sim": 0.7216687056881326,
  "holdout_qa_cos_sim": 0.9795604109764099
}