{
  "forget_qa_cos_sim": 0.7172615903263517,
  "holdout_qa_cos_sim": 0.9115070259869099
}