{
    "forget_qa_rouge": 0.926521438450899,
    "holdout_qa_rouge": 0.9696666666666668
}