{
  "forget_qa_cos_sim": 0.6890700800166585,
  "holdout_qa_cos_sim": 0.9786128786802292
}