{
  "forget_qa_cos_sim": 0.7107093111298886,
  "holdout_qa_cos_sim": 0.5559573732186108
}