{
    "forget_qa_rouge": 0.9373271092669432,
    "holdout_qa_rouge": 0.9621666666666667
}