{
  "forget_qa_cos_sim": 0.30379974402301785,
  "holdout_qa_cos_sim": 0.9445282822847366
}