{
    "forget_qa_rouge": 0.012863070539419085,
    "holdout_qa_rouge": 0.9223333333333332
}