{
  "forget_qa_cos_sim": 0.9595799519066,
  "holdout_qa_cos_sim": 0.9284467375874519
}