{
  "forget_qa_cos_sim": 0.7758929026139227,
  "holdout_qa_cos_sim": 0.8730723886191845
}