{
    "forget_qa_rouge": 0.9562586445366529,
    "holdout_qa_rouge": 0.9668333333333332
}