{
  "forget_qa_cos_sim": 0.9603326292206142,
  "holdout_qa_cos_sim": 0.9539888670444489
}