{
    "forget_qa_rouge": 0.9009336099585062,
    "holdout_qa_rouge": 0.9458333333333333
}