{
  "forget_qa_cos_sim": 0.6266459111217023,
  "holdout_qa_cos_sim": 0.9980191770792007
}