{
  "forget_qa_cos_sim": 0.758395901112141,
  "holdout_qa_cos_sim": 0.9504163311421872
}