{
  "forget_qa_cos_sim": 0.7060744114871648,
  "holdout_qa_cos_sim": 0.8126493841421466
}