{
    "forget_qa_rouge": 0.5806086092904432,
    "holdout_qa_rouge": 0.7172295232931416
}