{
  "forget_qa_cos_sim": 0.18682398070225745,
  "holdout_qa_cos_sim": 0.8706787887047697
}