{
    "forget_qa_rouge": 0.04529267768239634,
    "holdout_qa_rouge": 0.8216895596120247
}