{
  "forget_qa_cos_sim": 0.896646456352408,
  "holdout_qa_cos_sim": 0.8982949050664901
}