{
    "utility_1k/": " ",
    "utility_arc_200/acc": 0.855,
    "utility_arc_200/acc_stderr": 0.024959766620478337,
    "utility_mmlu_pro_400/acc": 0.3875,
    "utility_mmlu_pro_400/acc_stderr": 0.02438947500927543,
    "utility_truthfulqa_bin_200/acc": 0.715,
    "utility_truthfulqa_bin_200/acc_stderr": 0.03199992148231578,
    "utility_winogrande_200/acc": 0.705,
    "utility_winogrande_200/acc_stderr": 0.03232801420614266
}