{
  "forget_qa_cos_sim": 0.6739598838722424,
  "holdout_qa_cos_sim": 0.7001407940779605
}