{
    "forget_qa_rouge": 0.8078145870955873,
    "holdout_qa_rouge": 0.8668469701272882
}