{
  "forget_qa_cos_sim": 0.514275498518187,
  "holdout_qa_cos_sim": 0.9255720895826817
}