{
    "forget_qa_rouge": 0.0765905947441217,
    "holdout_qa_rouge": 0.8693333333333333
}