{
  "forget_qa_cos_sim": 0.7943087065924748,
  "holdout_qa_cos_sim": 0.8832376561611891
}