{
    "utility_1k/": " ",
    "utility_arc_200/acc": 0.855,
    "utility_arc_200/acc_stderr": 0.02495976662047835,
    "utility_mmlu_pro_400/acc": 0.3875,
    "utility_mmlu_pro_400/acc_stderr": 0.02438947500927542,
    "utility_truthfulqa_bin_200/acc": 0.725,
    "utility_truthfulqa_bin_200/acc_stderr": 0.031652557907861936,
    "utility_winogrande_200/acc": 0.64,
    "utility_winogrande_200/acc_stderr": 0.03402629784040015
}