{
  "forget_qa_cos_sim": 0.7747435535138079,
  "holdout_qa_cos_sim": 0.9409741269797087
}