{
    "forget_qa_rouge": 0.22510373443983403,
    "holdout_qa_rouge": 0.8878333333333334
}