{
  "forget_qa_cos_sim": 0.6413762951849408,
  "holdout_qa_cos_sim": 0.9695659603476524
}