{
  "forget_qa_cos_sim": 0.720437160542397,
  "holdout_qa_cos_sim": 0.9866408987641334
}