{
  "forget_qa_cos_sim": 0.7257558907463343,
  "holdout_qa_cos_sim": 0.9796281380057335
}