{
    "forget_qa_rouge": 0.12655601659751037,
    "holdout_qa_rouge": 0.9618333333333333
}