{
  "forget_qa_cos_sim": 0.7680622386085295,
  "holdout_qa_cos_sim": 0.9970002122521401
}