{
  "forget_qa_cos_sim": 0.47229850766374837,
  "holdout_qa_cos_sim": 0.9632147205343813
}