{
    "forget_qa_rouge": 0.36588865836791146,
    "holdout_qa_rouge": 0.9746666666666668
}