{
  "forget_qa_cos_sim": 0.18724542177796943,
  "holdout_qa_cos_sim": 0.9386560598359026
}