{
    "forget_qa_rouge": 0.03172232421971915,
    "holdout_qa_rouge": 0.9111811813104059
}