{
  "forget_qa_cos_sim": 0.7135428646744364,
  "holdout_qa_cos_sim": 0.8316569824962421
}