{
    "forget_qa_rouge": 0.599682692553481,
    "holdout_qa_rouge": 0.7482924243858636
}