{
    "forget_qa_rouge": 0.0029830132817281136,
    "holdout_qa_rouge": 0.0009368034218928852
}