{
  "forget_qa_cos_sim": 0.9265513320248652,
  "holdout_qa_cos_sim": 0.9611413357555866
}