{
    "forget_qa_rouge": 0.879045643153527,
    "holdout_qa_rouge": 0.9373333333333334
}