{
  "forget_qa_cos_sim": 0.8023725587611871,
  "holdout_qa_cos_sim": 0.8851188440024853
}