{
  "forget_qa_cos_sim": 0.7998936516368043,
  "holdout_qa_cos_sim": 0.974566597700119
}