{
  "forget_qa_cos_sim": 0.9144589598619097,
  "holdout_qa_cos_sim": 0.9514146123230457
}