{
  "forget_qa_cos_sim": 0.9551194181580761,
  "holdout_qa_cos_sim": 0.9556723046153783
}