{
    "forget_qa_rouge": 0.883298755186722,
    "holdout_qa_rouge": 0.9368333333333333
}