{
  "forget_qa_cos_sim": 0.5429189879700836,
  "holdout_qa_cos_sim": 0.9755312320920199
}