{
    "forget_qa_rouge": 0.27144477324227234,
    "holdout_qa_rouge": 0.9601146368541995
}