{
  "forget_qa_cos_sim": 0.46403166364468235,
  "holdout_qa_cos_sim": 0.9591869748839306
}