{
  "forget_qa_cos_sim": 0.5787929325863039,
  "holdout_qa_cos_sim": 0.9866984897255897
}