{
    "forget_qa_rouge": 0.4569156293222683,
    "holdout_qa_rouge": 0.9823333333333333
}