{
  "forget_qa_cos_sim": 0.5990949762189042,
  "holdout_qa_cos_sim": 0.9650387260913849
}