{
  "forget_qa_cos_sim": 0.7478623714498959,
  "holdout_qa_cos_sim": 0.9753948357105255
}