{
  "forget_qa_cos_sim": 0.8868233469388297,
  "holdout_qa_cos_sim": 0.9731283400654793
}