{
    "utility_1k/": " ",
    "utility_arc_200/acc": 0.655,
    "utility_arc_200/acc_stderr": 0.03369796379336736,
    "utility_mmlu_pro_400/acc": 0.225,
    "utility_mmlu_pro_400/acc_stderr": 0.020905264293664547,
    "utility_truthfulqa_bin_200/acc": 0.485,
    "utility_truthfulqa_bin_200/acc_stderr": 0.03542810683297719,
    "utility_winogrande_200/acc": 0.535,
    "utility_winogrande_200/acc_stderr": 0.035357115664894224
}