{
  "forget_qa_cos_sim": 0.5343879924090077,
  "holdout_qa_cos_sim": 0.6956086609214545
}