{
  "forget_qa_cos_sim": 0.7822309020458416,
  "holdout_qa_cos_sim": 0.8599909367859364
}