{
    "forget_qa_rouge": 0.9583333333333334,
    "holdout_qa_rouge": 0.9648333333333332
}