{
  "forget_qa_cos_sim": 0.6951167473870936,
  "holdout_qa_cos_sim": 0.9932123994827271
}