{
  "forget_qa_cos_sim": 0.4404638589671339,
  "holdout_qa_cos_sim": 0.7180769845992111
}