{
    "forget_qa_rouge": 0.8467226475041688,
    "holdout_qa_rouge": 0.8718171490537296
}