{
  "forget_qa_cos_sim": 0.596035093092263,
  "holdout_qa_cos_sim": 0.9586135986149311
}