{
    "forget_qa_rouge": 0.46113416320885203,
    "holdout_qa_rouge": 0.9388333333333334
}