{
  "forget_qa_cos_sim": 0.8103402611951901,
  "holdout_qa_cos_sim": 0.890760695806001
}