{
    "forget_qa_rouge": 0.7152594395300196,
    "holdout_qa_rouge": 0.8288855610923206
}