{
  "forget_qa_cos_sim": 0.8213079939779125,
  "holdout_qa_cos_sim": 0.87644654258341
}