{
    "forget_qa_rouge": 0.7248002778742618,
    "holdout_qa_rouge": 0.7997776687637521
}