{
  "forget_qa_cos_sim": 0.917944402661932,
  "holdout_qa_cos_sim": 0.9604993683993817
}