{
  "forget_qa_cos_sim": 0.7621905452592189,
  "holdout_qa_cos_sim": 0.9283958322671709
}