{
    "forget_qa_rouge": 0.6388292817521717,
    "holdout_qa_rouge": 0.8880812527432805
}