{
  "forget_qa_cos_sim": 0.792554046912312,
  "holdout_qa_cos_sim": 0.9684035348296165
}