{
    "forget_qa_rouge": 0.2769709543568465,
    "holdout_qa_rouge": 0.9446666666666667
}