{
  "forget_qa_cos_sim": 0.5616170290502028,
  "holdout_qa_cos_sim": 0.9913242370486259
}