{
    "forget_qa_rouge": 0.41922544951590596,
    "holdout_qa_rouge": 0.9906666666666667
}