{
  "forget_qa_cos_sim": 0.48171386928046395,
  "holdout_qa_cos_sim": 0.9816371802389622
}