{
  "forget_qa_cos_sim": 0.7846293189404672,
  "holdout_qa_cos_sim": 0.9153641787013075
}