{
    "forget_qa_rouge": 0.6811112790185385,
    "holdout_qa_rouge": 0.8691114496283481
}