{
  "forget_qa_cos_sim": 0.6273522032424808,
  "holdout_qa_cos_sim": 0.92258890786767
}