{
  "forget_qa_cos_sim": 0.8449086728061383,
  "holdout_qa_cos_sim": 0.9565468364655971
}