{
    "forget_qa_rouge": 0.8469917012448133,
    "holdout_qa_rouge": 0.9528333333333334
}