{
  "forget_qa_cos_sim": 0.7132501229952974,
  "holdout_qa_cos_sim": 0.9000909677371383
}