{
    "forget_qa_rouge": 0.9087136929460581,
    "holdout_qa_rouge": 0.9516666666666667
}