{
  "forget_qa_cos_sim": 0.5542764289362195,
  "holdout_qa_cos_sim": 0.9791334782993516
}