{
    "forget_qa_rouge": 0.28410462988441454,
    "holdout_qa_rouge": 0.9654416932746953
}