{
  "forget_qa_cos_sim": 0.7053139452741354,
  "holdout_qa_cos_sim": 0.9953348995447159
}