{
  "forget_qa_cos_sim": 0.7915271439307459,
  "holdout_qa_cos_sim": 0.8952940531671048
}