{
  "forget_qa_cos_sim": 0.27964085476430467,
  "holdout_qa_cos_sim": 0.9725263079851866
}