{
    "forget_qa_rouge": 0.01061549100968188,
    "holdout_qa_rouge": 0.9573333333333333
}