{
  "forget_qa_cos_sim": 0.7819535952386025,
  "holdout_qa_cos_sim": 0.9792668294906616
}