{
    "forget_qa_rouge": 0.25570539419087135,
    "holdout_qa_rouge": 0.9616666666666668
}