{
  "forget_qa_cos_sim": 0.7898691327492726,
  "holdout_qa_cos_sim": 0.9590957796275615
}