{
  "forget_qa_cos_sim": 0.9376726519950198,
  "holdout_qa_cos_sim": 0.9719548054039479
}