{
  "forget_qa_cos_sim": 0.9579976985687042,
  "holdout_qa_cos_sim": 0.9150965303629637
}