{
  "forget_qa_cos_sim": 0.65450801945493,
  "holdout_qa_cos_sim": 0.834305958594799
}