{
    "forget_qa_rouge": 0.5051905573875007,
    "holdout_qa_rouge": 0.7492082139199435
}