{
  "forget_qa_cos_sim": 0.562607184531654,
  "holdout_qa_cos_sim": 0.9617370874881744
}