{
    "forget_qa_rouge": 0.43336791147994463,
    "holdout_qa_rouge": 0.9433333333333334
}