{
  "forget_qa_cos_sim": 0.7885682013108369,
  "holdout_qa_cos_sim": 0.8498360202434819
}