{
    "forget_qa_rouge": 0.6624149248150638,
    "holdout_qa_rouge": 0.7476130231597428
}