{
  "forget_qa_cos_sim": 0.44423566222252686,
  "holdout_qa_cos_sim": 0.9558928945362568
}