{
  "forget_qa_cos_sim": 0.7862409344580271,
  "holdout_qa_cos_sim": 0.8609495352985317
}