{
    "forget_qa_rouge": 0.6901502370502023,
    "holdout_qa_rouge": 0.7922048516978933
}