{
  "forget_qa_cos_sim": 0.7139314524520235,
  "holdout_qa_cos_sim": 0.7767491144835948
}