{
    "forget_qa_rouge": 0.9422544951590596,
    "holdout_qa_rouge": 0.9623333333333333
}