{
  "forget_qa_cos_sim": 0.8610876223296545,
  "holdout_qa_cos_sim": 0.9299513217806816
}