{
  "forget_qa_cos_sim": 0.6247544472697055,
  "holdout_qa_cos_sim": 1.000000032544136
}