{
  "forget_qa_cos_sim": 0.8387672980914966,
  "holdout_qa_cos_sim": 0.985065604031086
}