{
    "forget_qa_rouge": 0.5399377593360996,
    "holdout_qa_rouge": 0.9751666666666667
}