{
  "forget_qa_cos_sim": 0.7409793091821967,
  "holdout_qa_cos_sim": 0.6792154489681125
}