{
  "forget_qa_cos_sim": 0.27817611764204453,
  "holdout_qa_cos_sim": 0.9820023971796036
}