{
  "forget_qa_cos_sim": 0.8960243073983806,
  "holdout_qa_cos_sim": 0.885015572488308
}