{
    "forget_qa_rouge": 0.9076763485477178,
    "holdout_qa_rouge": 0.9516666666666667
}