{
    "utility_1k/": " ",
    "utility_arc_200/acc": 0.86,
    "utility_arc_200/acc_stderr": 0.024597258498217676,
    "utility_mmlu_pro_400/acc": 0.39,
    "utility_mmlu_pro_400/acc_stderr": 0.024418038445046367,
    "utility_truthfulqa_bin_200/acc": 0.665,
    "utility_truthfulqa_bin_200/acc_stderr": 0.033458517029435815,
    "utility_winogrande_200/acc": 0.685,
    "utility_winogrande_200/acc_stderr": 0.0329286574644649
}