{
  "forget_qa_cos_sim": 0.2641557163300757,
  "holdout_qa_cos_sim": 0.9498613963870457
}