{
    "forget_qa_rouge": 0.4196906919640508,
    "holdout_qa_rouge": 0.9429027566204505
}