{
  "forget_qa_cos_sim": 0.4183507804213965,
  "holdout_qa_cos_sim": 0.9763202511072159
}