{
  "forget_qa_cos_sim": 0.6926822162453564,
  "holdout_qa_cos_sim": 0.6128580541163683
}