{
    "forget_qa_rouge": 0.7701071922544952,
    "holdout_qa_rouge": 0.9413333333333332
}