{
  "forget_qa_cos_sim": 0.5827532901285657,
  "holdout_qa_cos_sim": 0.5741297243535519
}