{
    "forget_qa_rouge": 0.7892202627939142,
    "holdout_qa_rouge": 0.8578666666666667
}