{
  "forget_qa_cos_sim": 0.4891321658586728,
  "holdout_qa_cos_sim": 0.9244102679634696
}