{
    "forget_qa_rouge": 0.6340317781095829,
    "holdout_qa_rouge": 0.9402522814053628
}