{
  "forget_qa_cos_sim": 0.6603392030255428,
  "holdout_qa_cos_sim": 0.9978051149845123
}