{
    "utility_1k/": " ",
    "utility_arc_200/acc": 0.685,
    "utility_arc_200/acc_stderr": 0.032928657464464904,
    "utility_mmlu_pro_400/acc": 0.255,
    "utility_mmlu_pro_400/acc_stderr": 0.0218203533323563,
    "utility_truthfulqa_bin_200/acc": 0.585,
    "utility_truthfulqa_bin_200/acc_stderr": 0.0349281387189735,
    "utility_winogrande_200/acc": 0.555,
    "utility_winogrande_200/acc_stderr": 0.03522897106090459
}