{
  "forget_qa_cos_sim": 0.7410682651264539,
  "holdout_qa_cos_sim": 0.9839040085673332
}