{
  "forget_qa_cos_sim": 0.7184750523719612,
  "holdout_qa_cos_sim": 0.9935572046190501
}