{
  "forget_qa_cos_sim": 0.7097297711645667,
  "holdout_qa_cos_sim": 0.7660977382212877
}