{
  "forget_qa_cos_sim": 0.599633087222445,
  "holdout_qa_cos_sim": 0.9510312307178974
}