{
  "forget_qa_cos_sim": 0.5588029944550447,
  "holdout_qa_cos_sim": 0.9225796755850315
}