{
    "forget_qa_rouge": 0.9139004149377593,
    "holdout_qa_rouge": 0.9313333333333332
}