{
  "forget_qa_cos_sim": 0.6646501980258221,
  "holdout_qa_cos_sim": 0.9784313861429691
}