{
  "forget_qa_cos_sim": 0.7122524205085153,
  "holdout_qa_cos_sim": 0.969737891882658
}