{
    "utility_1k/": " ",
    "utility_arc_200/acc": 0.815,
    "utility_arc_200/acc_stderr": 0.027525684670556546,
    "utility_mmlu_pro_400/acc": 0.3525,
    "utility_mmlu_pro_400/acc_stderr": 0.023917346710791567,
    "utility_truthfulqa_bin_200/acc": 0.675,
    "utility_truthfulqa_bin_200/acc_stderr": 0.0332022127978448,
    "utility_winogrande_200/acc": 0.665,
    "utility_winogrande_200/acc_stderr": 0.033458517029435815
}