{
  "forget_qa_cos_sim": 0.8938661409673354,
  "holdout_qa_cos_sim": 0.8843090661764145
}