{
    "utility_1k/": " ",
    "utility_arc_200/acc": 0.675,
    "utility_arc_200/acc_stderr": 0.03320221279784479,
    "utility_mmlu_pro_400/acc": 0.2675,
    "utility_mmlu_pro_400/acc_stderr": 0.022160484939004153,
    "utility_truthfulqa_bin_200/acc": 0.695,
    "utility_truthfulqa_bin_200/acc_stderr": 0.032637417254205714,
    "utility_winogrande_200/acc": 0.6,
    "utility_winogrande_200/acc_stderr": 0.0347279448103939
}