{
  "forget_qa_cos_sim": 0.6585985359067245,
  "holdout_qa_cos_sim": 0.9962247468829155
}