{
    "utility_1k/": " ",
    "utility_arc_200/acc": 0.85,
    "utility_arc_200/acc_stderr": 0.025312121949531256,
    "utility_mmlu_pro_400/acc": 0.39,
    "utility_mmlu_pro_400/acc_stderr": 0.02441803844504637,
    "utility_truthfulqa_bin_200/acc": 0.685,
    "utility_truthfulqa_bin_200/acc_stderr": 0.032928657464464904,
    "utility_winogrande_200/acc": 0.675,
    "utility_winogrande_200/acc_stderr": 0.0332022127978448
}