{
  "forget_qa_cos_sim": 0.7964924574207468,
  "holdout_qa_cos_sim": 0.939569429576397
}