{
    "forget_qa_rouge": 0.9093188105117564,
    "holdout_qa_rouge": 0.9601666666666667
}