{
  "forget_qa_cos_sim": 0.6259948989353239,
  "holdout_qa_cos_sim": 0.9617796105444432
}