{
    "forget_qa_rouge": 0.5113762102351315,
    "holdout_qa_rouge": 0.9461666666666667
}