{
  "forget_qa_cos_sim": 0.7066351245795048,
  "holdout_qa_cos_sim": 0.9749847606420518
}