{
    "forget_qa_rouge": 0.12551867219917012,
    "holdout_qa_rouge": 0.9558333333333334
}