{
  "forget_qa_cos_sim": 0.7097366639254499,
  "holdout_qa_cos_sim": 0.9705739566683769
}