{
    "forget_qa_rouge": 0.7898686030428769,
    "holdout_qa_rouge": 0.9528333333333334
}