{
  "forget_qa_cos_sim": 0.6780294753085528,
  "holdout_qa_cos_sim": 0.9968070992827416
}