{
  "forget_qa_cos_sim": 0.5971081491204219,
  "holdout_qa_cos_sim": 0.9947681037783622
}