{
  "forget_qa_cos_sim": 0.4845327390936896,
  "holdout_qa_cos_sim": 0.959607557113692
}