{
    "forget_qa_rouge": 0.16886120421202047,
    "holdout_qa_rouge": 0.9300766827605794
}