{
  "forget_qa_cos_sim": 0.3904809751727409,
  "holdout_qa_cos_sim": 0.8006683723564593
}