{
    "forget_qa_rouge": 0.7619091726073318,
    "holdout_qa_rouge": 0.8550129238996037
}