{
  "forget_qa_cos_sim": 0.18232702071085888,
  "holdout_qa_cos_sim": 0.9409891081613366
}