{
    "forget_qa_rouge": 0.027999966919730723,
    "holdout_qa_rouge": 0.9164370200155488
}