{
  "forget_qa_cos_sim": 0.740907683373425,
  "holdout_qa_cos_sim": 0.980458273589611
}