{
  "forget_qa_cos_sim": 0.9503212004158013,
  "holdout_qa_cos_sim": 0.9528199557363987
}