{
    "forget_qa_rouge": 0.8718879668049793,
    "holdout_qa_rouge": 0.9391666666666666
}