{
  "forget_qa_cos_sim": 0.8838544905927666,
  "holdout_qa_cos_sim": 0.9722066611647606
}