{
  "forget_qa_cos_sim": 0.8329667098572887,
  "holdout_qa_cos_sim": 0.9596704018414021
}