{
    "forget_qa_rouge": 0.7276625172890734,
    "holdout_qa_rouge": 0.9296666666666668
}