{
  "forget_qa_cos_sim": 0.5164371491931533,
  "holdout_qa_cos_sim": 0.9876578804850579
}