{
    "forget_qa_rouge": 0.3589903181189488,
    "holdout_qa_rouge": 0.9816666666666667
}