{
  "forget_qa_cos_sim": 0.45174375386267157,
  "holdout_qa_cos_sim": 0.9845450755059719
}