{
  "forget_qa_cos_sim": 0.6738634285559545,
  "holdout_qa_cos_sim": 0.9915366183519363
}