{
    "forget_qa_rouge": 0.766286307053942,
    "holdout_qa_rouge": 0.9916666666666667
}