{
  "forget_qa_cos_sim": 0.6223531608813717,
  "holdout_qa_cos_sim": 0.9848320088982582
}