{
  "forget_qa_cos_sim": 0.9271999384234061,
  "holdout_qa_cos_sim": 0.9687750860154629
}