{
  "forget_qa_cos_sim": 0.7389690657652535,
  "holdout_qa_cos_sim": 0.8749387031099571
}