{
    "forget_qa_rouge": 0.7421353288755165,
    "holdout_qa_rouge": 0.868378473746267
}