{
  "forget_qa_cos_sim": 0.9024658166644979,
  "holdout_qa_cos_sim": 0.956696132838726
}