{
    "forget_qa_rouge": 0.9281811894882435,
    "holdout_qa_rouge": 0.9553333333333333
}