{
  "forget_qa_cos_sim": 0.9057165526580143,
  "holdout_qa_cos_sim": 0.9627273043692112
}