{
  "forget_qa_cos_sim": 0.7566650654627615,
  "holdout_qa_cos_sim": 0.8922362596385037
}