{
    "forget_qa_rouge": 0.639136840543579,
    "holdout_qa_rouge": 0.8339617418146243
}