{
  "forget_qa_cos_sim": 0.7981597716328418,
  "holdout_qa_cos_sim": 0.8786971246113016
}