{
    "forget_qa_rouge": 0.6921538864053626,
    "holdout_qa_rouge": 0.8048707036281589
}