{
  "forget_qa_cos_sim": 0.6180529571544086,
  "holdout_qa_cos_sim": 0.6569549933671951
}