{
    "forget_qa_rouge": 0.9268672199170125,
    "holdout_qa_rouge": 0.9571666666666666
}