{
  "forget_qa_cos_sim": 0.9399134460913937,
  "holdout_qa_cos_sim": 0.9563694040179253
}