{
  "forget_qa_cos_sim": 0.8986375903192892,
  "holdout_qa_cos_sim": 0.879795462012291
}