{
  "forget_qa_cos_sim": 0.783811054320009,
  "holdout_qa_cos_sim": 0.8597405099868775
}