{
  "forget_qa_cos_sim": 0.5118868351344973,
  "holdout_qa_cos_sim": 0.9856536884285669
}