{
    "forget_qa_rouge": 0.2122484583842694,
    "holdout_qa_rouge": 0.9741031444808782
}