{
  "forget_qa_cos_sim": 0.8037001670056112,
  "holdout_qa_cos_sim": 0.9752660990953446
}