{
    "forget_qa_rouge": 0.876210235131397,
    "holdout_qa_rouge": 0.9813333333333333
}