{
  "forget_qa_cos_sim": 0.7103717428520012,
  "holdout_qa_cos_sim": 0.9938738071322442
}