{
  "forget_qa_cos_sim": 0.7941170608725291,
  "holdout_qa_cos_sim": 0.9613929792642594
}