{
    "utility_1k/": " ",
    "utility_arc_200/acc": 0.705,
    "utility_arc_200/acc_stderr": 0.03232801420614266,
    "utility_mmlu_pro_400/acc": 0.2775,
    "utility_mmlu_pro_400/acc_stderr": 0.02241630213714464,
    "utility_truthfulqa_bin_200/acc": 0.575,
    "utility_truthfulqa_bin_200/acc_stderr": 0.03504304603451135,
    "utility_winogrande_200/acc": 0.58,
    "utility_winogrande_200/acc_stderr": 0.0349874349304872
}