{
  "forget_qa_cos_sim": 0.9411384676625619,
  "holdout_qa_cos_sim": 0.960640879958868
}