{
  "forget_qa_cos_sim": 0.26988130175020414,
  "holdout_qa_cos_sim": 0.909177991969687
}