{
    "forget_qa_rouge": 0.4754708174385146,
    "holdout_qa_rouge": 0.8977319345112585
}