{
  "forget_qa_cos_sim": 0.7214457821487391,
  "holdout_qa_cos_sim": 0.6054132045805454
}