{
    "forget_qa_rouge": 0.931984785615491,
    "holdout_qa_rouge": 0.9513333333333333
}