{
  "forget_qa_cos_sim": 0.5143600546163642,
  "holdout_qa_cos_sim": 0.9747196067869663
}