{
    "forget_qa_rouge": 0.37486168741355463,
    "holdout_qa_rouge": 0.9621666666666666
}