{
  "forget_qa_cos_sim": 0.4335773934869949,
  "holdout_qa_cos_sim": 0.7359149230003812
}