{
    "forget_qa_rouge": 0.8255366521865306,
    "holdout_qa_rouge": 0.8747980371737827
}