{
  "forget_qa_cos_sim": 0.6765077054979767,
  "holdout_qa_cos_sim": 0.9611647381782532
}