{
    "forget_qa_rouge": 0.8539246196403874,
    "holdout_qa_rouge": 0.9686666666666668
}