{
  "forget_qa_cos_sim": 0.6565797265263514,
  "holdout_qa_cos_sim": 0.9815363817512989
}