{
  "forget_qa_cos_sim": 0.6115658671220309,
  "holdout_qa_cos_sim": 0.929034073382616
}