{
  "forget_qa_cos_sim": 0.132963997622331,
  "holdout_qa_cos_sim": 0.13255111369140007
}