{
  "forget_qa_cos_sim": 0.7691905849392978,
  "holdout_qa_cos_sim": 0.8167824572473764
}