{
  "forget_qa_cos_sim": 0.6362345979968554,
  "holdout_qa_cos_sim": 0.852556210154822
}