{
    "forget_qa_rouge": 0.48235276648788283,
    "holdout_qa_rouge": 0.7803791966813837
}