{
  "forget_qa_cos_sim": 0.6833940282769401,
  "holdout_qa_cos_sim": 0.8738766105099234
}