{
    "forget_qa_rouge": 0.7437575025800103,
    "holdout_qa_rouge": 0.8767374110316457
}