{
    "utility_1k/": " ",
    "utility_arc_200/acc": 0.865,
    "utility_arc_200/acc_stderr": 0.024224141785131013,
    "utility_mmlu_pro_400/acc": 0.3875,
    "utility_mmlu_pro_400/acc_stderr": 0.024389475009275425,
    "utility_truthfulqa_bin_200/acc": 0.655,
    "utility_truthfulqa_bin_200/acc_stderr": 0.03369796379336736,
    "utility_winogrande_200/acc": 0.665,
    "utility_winogrande_200/acc_stderr": 0.033458517029435815
}