{
  "forget_qa_cos_sim": 0.7081146133267533,
  "holdout_qa_cos_sim": 0.9907247404754161
}