{
  "forget_qa_cos_sim": 0.5182782597182882,
  "holdout_qa_cos_sim": 0.9750933871567249
}