{
    "forget_qa_rouge": 0.37579529737206085,
    "holdout_qa_rouge": 0.9703333333333333
}