{
  "forget_qa_cos_sim": 0.48206889326587565,
  "holdout_qa_cos_sim": 0.9960280596017838
}