{
  "forget_qa_cos_sim": 0.8033885846679636,
  "holdout_qa_cos_sim": 0.9526292748302221
}