{
  "forget_qa_cos_sim": 0.8978724188453429,
  "holdout_qa_cos_sim": 0.8939449125528336
}