{
  "forget_qa_cos_sim": 0.8629724310394145,
  "holdout_qa_cos_sim": 0.982163462549448
}