{
  "forget_qa_cos_sim": 0.671545268148493,
  "holdout_qa_cos_sim": 0.9911841017603874
}