{
    "forget_qa_rouge": 0.30892980636237893,
    "holdout_qa_rouge": 0.9856666666666667
}