{
  "forget_qa_cos_sim": 0.1849262182648996,
  "holdout_qa_cos_sim": 0.9488731863149845
}