{
  "forget_qa_cos_sim": 0.8073030728924077,
  "holdout_qa_cos_sim": 0.948315160304308
}