{
    "forget_qa_rouge": 0.8928077455048409,
    "holdout_qa_rouge": 0.9646666666666668
}