{
  "forget_qa_cos_sim": 0.6927912043430746,
  "holdout_qa_cos_sim": 0.9956995287239552
}