{
  "forget_qa_cos_sim": 0.679685276162789,
  "holdout_qa_cos_sim": 0.8272441607614995
}