{
    "forget_qa_rouge": 0.526466220283518,
    "holdout_qa_rouge": 0.7297104816985533
}