{
  "forget_qa_cos_sim": 0.4711450605894872,
  "holdout_qa_cos_sim": 0.9579697380201935
}