{
    "forget_qa_rouge": 0.14811808352968478,
    "holdout_qa_rouge": 0.9275122712498457
}