{
  "forget_qa_cos_sim": 0.7634069883801754,
  "holdout_qa_cos_sim": 0.9847153261303901
}