{
  "forget_qa_cos_sim": 0.9573350465891273,
  "holdout_qa_cos_sim": 0.9140053880959749
}