{
  "forget_qa_cos_sim": 0.436353213971102,
  "holdout_qa_cos_sim": 0.9484681569412351
}