{
    "forget_qa_rouge": 0.04873789764868603,
    "holdout_qa_rouge": 0.9281666666666666
}