{
  "forget_qa_cos_sim": 0.40375485346054435,
  "holdout_qa_cos_sim": 0.6927440822822678
}