{
    "forget_qa_rouge": 0.7796357110528699,
    "holdout_qa_rouge": 0.8550453412282437
}