{
  "forget_qa_cos_sim": 0.5097102288299731,
  "holdout_qa_cos_sim": 0.9636025649011135
}