{
    "forget_qa_rouge": 0.13366182572614108,
    "holdout_qa_rouge": 0.9386666666666666
}