{
  "forget_qa_cos_sim": 0.5981377901362557,
  "holdout_qa_cos_sim": 0.9953095145821571
}