{
    "forget_qa_rouge": 0.48326417704011065,
    "holdout_qa_rouge": 0.9913333333333333
}