{
  "forget_qa_cos_sim": 0.07132832924579828,
  "holdout_qa_cos_sim": 0.07484784682924135
}