{
  "forget_qa_cos_sim": 0.6414203393616988,
  "holdout_qa_cos_sim": 0.9988685787916184
}