{
  "forget_qa_cos_sim": 0.5588839424404627,
  "holdout_qa_cos_sim": 0.9317339340104681
}