{
    "forget_qa_rouge": 0.34469757115641103,
    "holdout_qa_rouge": 0.8920740348672755
}