{
  "forget_qa_cos_sim": 0.6142996827457332,
  "holdout_qa_cos_sim": 1.000000032544136
}