{
  "forget_qa_cos_sim": 0.7493868643472056,
  "holdout_qa_cos_sim": 0.9843789084553719
}