{
  "forget_qa_cos_sim": 0.7421127252929933,
  "holdout_qa_cos_sim": 0.9430708128809929
}