{
    "forget_qa_rouge": 0.11670124481327801,
    "holdout_qa_rouge": 0.8928333333333334
}