{
    "forget_qa_rouge": 0.5988502766251729,
    "holdout_qa_rouge": 0.6523333333333332
}