{
  "forget_qa_cos_sim": 0.6439790147746994,
  "holdout_qa_cos_sim": 0.9879569497108459
}