{
    "forget_qa_rouge": 0.520954356846473,
    "holdout_qa_rouge": 0.9793333333333333
}