{
  "forget_qa_cos_sim": 0.523340150868497,
  "holdout_qa_cos_sim": 0.5995865971855819
}