{
    "forget_qa_rouge": 0.46562932226832643,
    "holdout_qa_rouge": 0.9448333333333334
}