{
  "forget_qa_cos_sim": 0.4704710289016858,
  "holdout_qa_cos_sim": 0.962592841607929
}