{
    "forget_qa_rouge": 0.13633199709094118,
    "holdout_qa_rouge": 0.9416269339231566
}