{
    "forget_qa_rouge": 0.03121950412676359,
    "holdout_qa_rouge": 0.9235288126938226
}