{
  "forget_qa_cos_sim": 0.44872022797334243,
  "holdout_qa_cos_sim": 0.898234612107277
}