{
    "forget_qa_rouge": 0.1338865836791148,
    "holdout_qa_rouge": 0.8333333333333334
}