{
  "forget_qa_cos_sim": 0.18997361396072862,
  "holdout_qa_cos_sim": 0.9226329569840666
}