{
  "forget_qa_cos_sim": 0.9421744576319124,
  "holdout_qa_cos_sim": 0.9634115456938743
}