{
    "forget_qa_rouge": 0.865698478561549,
    "holdout_qa_rouge": 0.9346666666666666
}