{
  "forget_qa_cos_sim": 0.6173420340688397,
  "holdout_qa_cos_sim": 0.951872148156166
}