{
  "forget_qa_cos_sim": 0.7188081997311462,
  "holdout_qa_cos_sim": 0.849458756417036
}