{
    "forget_qa_rouge": 0.07313278008298756,
    "holdout_qa_rouge": 0.7026666666666668
}