{
    "utility_1k/": " ",
    "utility_arc_200/acc": 0.715,
    "utility_arc_200/acc_stderr": 0.03199992148231578,
    "utility_mmlu_pro_400/acc": 0.275,
    "utility_mmlu_pro_400/acc_stderr": 0.022353673451850874,
    "utility_truthfulqa_bin_200/acc": 0.595,
    "utility_truthfulqa_bin_200/acc_stderr": 0.034798414450104,
    "utility_winogrande_200/acc": 0.555,
    "utility_winogrande_200/acc_stderr": 0.03522897106090459
}