{
    "forget_qa_rouge": 0.39339557399723374,
    "holdout_qa_rouge": 0.9913333333333333
}