{
  "forget_qa_cos_sim": 0.7608602525534967,
  "holdout_qa_cos_sim": 0.9705996399521828
}