{
  "forget_qa_cos_sim": 0.6259087959219435,
  "holdout_qa_cos_sim": 0.994173022389412
}