{
  "forget_qa_cos_sim": 0.6736484992306262,
  "holdout_qa_cos_sim": 0.9981279096603394
}