{
  "forget_qa_cos_sim": 0.5796408330288643,
  "holdout_qa_cos_sim": 0.8754643249718821
}