{
    "forget_qa_rouge": 0.38374627283102447,
    "holdout_qa_rouge": 0.8071475906465966
}