{
  "forget_qa_cos_sim": 0.8974705952146241,
  "holdout_qa_cos_sim": 0.9625995303094387
}