{
    "forget_qa_rouge": 0.8364107883817427,
    "holdout_qa_rouge": 0.9383333333333334
}