{
  "forget_qa_cos_sim": 0.8788324759276082,
  "holdout_qa_cos_sim": 0.9714757068157196
}