{
    "forget_qa_rouge": 0.8364107883817427,
    "holdout_qa_rouge": 0.9618333333333333
}