{
  "forget_qa_cos_sim": 0.8244587789556298,
  "holdout_qa_cos_sim": 0.9642670554220676
}