{
  "forget_qa_cos_sim": 0.8001513116417213,
  "holdout_qa_cos_sim": 0.9735296491980553
}