{
    "forget_qa_rouge": 0.8698651452282157,
    "holdout_qa_rouge": 0.9768333333333332
}