{
  "forget_qa_cos_sim": 0.09523327771565201,
  "holdout_qa_cos_sim": 0.9650566434558732
}