{
    "forget_qa_rouge": 0.01744818802825055,
    "holdout_qa_rouge": 0.9523053597606282
}