{
    "utility_1k/": " ",
    "utility_arc_200/acc": 0.84,
    "utility_arc_200/acc_stderr": 0.025988014245457706,
    "utility_mmlu_pro_400/acc": 0.345,
    "utility_mmlu_pro_400/acc_stderr": 0.023798180255192695,
    "utility_truthfulqa_bin_200/acc": 0.685,
    "utility_truthfulqa_bin_200/acc_stderr": 0.032928657464464904,
    "utility_winogrande_200/acc": 0.71,
    "utility_winogrande_200/acc_stderr": 0.03216633903375033
}