{
    "forget_qa_rouge": 0.0007682892538745265,
    "holdout_qa_rouge": 6.0244593047773956e-05
}