{
  "forget_qa_cos_sim": 0.6517077699319085,
  "holdout_qa_cos_sim": 0.9763938536196947
}