{
    "forget_qa_rouge": 0.25929287690179803,
    "holdout_qa_rouge": 0.9606666666666668
}