{
  "forget_qa_cos_sim": 0.2701527582104316,
  "holdout_qa_cos_sim": 0.8856873000610418
}