{
    "forget_qa_rouge": 0.13462361419985594,
    "holdout_qa_rouge": 0.8321559101380175
}