{
  "forget_qa_cos_sim": 0.7956283930346199,
  "holdout_qa_cos_sim": 0.8935735943842832
}