{
    "forget_qa_rouge": 0.6969849965942359,
    "holdout_qa_rouge": 0.8355807435330298
}