{
  "forget_qa_cos_sim": 0.958986428500582,
  "holdout_qa_cos_sim": 0.9638231458067894
}