{
    "forget_qa_rouge": 0.93298755186722,
    "holdout_qa_rouge": 0.9468333333333333
}