{
  "forget_qa_cos_sim": 0.8987414889439508,
  "holdout_qa_cos_sim": 0.8938715629577637
}