{
  "forget_qa_cos_sim": 0.867857953757666,
  "holdout_qa_cos_sim": 0.9521383831501007
}