{
  "forget_qa_cos_sim": 0.7385349432276987,
  "holdout_qa_cos_sim": 0.9739731986224651
}