{
  "forget_qa_cos_sim": 0.5036354318929689,
  "holdout_qa_cos_sim": 0.9688978478908539
}