{
  "forget_qa_cos_sim": 0.7774470013825231,
  "holdout_qa_cos_sim": 0.9490892752856016
}