{
  "forget_qa_cos_sim": 0.8025991479514546,
  "holdout_qa_cos_sim": 0.9850322555303573
}