{
  "forget_qa_cos_sim": 0.9018666493200168,
  "holdout_qa_cos_sim": 0.8778778552412987
}