{
  "forget_qa_cos_sim": 0.7559151833266391,
  "holdout_qa_cos_sim": 0.9462178137898445
}