{
    "forget_qa_rouge": 0.9138312586445367,
    "holdout_qa_rouge": 0.9641666666666667
}