{
    "utility_1k/": " ",
    "utility_arc_200/acc": 0.855,
    "utility_arc_200/acc_stderr": 0.024959766620478344,
    "utility_mmlu_pro_400/acc": 0.38,
    "utility_mmlu_pro_400/acc_stderr": 0.02429971585175824,
    "utility_truthfulqa_bin_200/acc": 0.715,
    "utility_truthfulqa_bin_200/acc_stderr": 0.03199992148231578,
    "utility_winogrande_200/acc": 0.685,
    "utility_winogrande_200/acc_stderr": 0.03292865746446489
}