{
  "forget_qa_cos_sim": 0.7913204808700134,
  "holdout_qa_cos_sim": 0.9690380362272263
}