{
  "forget_qa_cos_sim": 0.7512282094578205,
  "holdout_qa_cos_sim": 0.8294958573611702
}