{
    "forget_qa_rouge": 0.6178276964053275,
    "holdout_qa_rouge": 0.7220962106150973
}