{
  "forget_qa_cos_sim": 0.7073892825495652,
  "holdout_qa_cos_sim": 0.9959666985273361
}