{
  "forget_qa_cos_sim": 0.7190945220191449,
  "holdout_qa_cos_sim": 0.9932651520371437
}