{
  "forget_qa_cos_sim": 0.589045332611764,
  "holdout_qa_cos_sim": 0.9689261198111825
}