{
    "forget_qa_rouge": 0.35870984694360863,
    "holdout_qa_rouge": 0.9471710860378852
}