{
  "forget_qa_cos_sim": 0.25524907111545775,
  "holdout_qa_cos_sim": 0.25679629059850473
}