{
    "forget_qa_rouge": 0.2959520275949592,
    "holdout_qa_rouge": 0.30608161994841915
}