{
    "utility_1k/": " ",
    "utility_arc_200/acc": 0.835,
    "utility_arc_200/acc_stderr": 0.026312291489284736,
    "utility_mmlu_pro_400/acc": 0.39,
    "utility_mmlu_pro_400/acc_stderr": 0.024418038445046367,
    "utility_truthfulqa_bin_200/acc": 0.71,
    "utility_truthfulqa_bin_200/acc_stderr": 0.03216633903375033,
    "utility_winogrande_200/acc": 0.665,
    "utility_winogrande_200/acc_stderr": 0.03345851702943581
}