{
  "forget_qa_cos_sim": 0.8058027385298283,
  "holdout_qa_cos_sim": 0.8758616128740484
}