{
    "forget_qa_rouge": 0.7025725172130174,
    "holdout_qa_rouge": 0.7991206441007633
}