{
  "forget_qa_cos_sim": 0.8208721093215141,
  "holdout_qa_cos_sim": 0.8880296618342399
}