{
    "utility_1k/": " ",
    "utility_arc_200/acc": 0.87,
    "utility_arc_200/acc_stderr": 0.023839918383725914,
    "utility_mmlu_pro_400/acc": 0.3925,
    "utility_mmlu_pro_400/acc_stderr": 0.024445927747963322,
    "utility_truthfulqa_bin_200/acc": 0.665,
    "utility_truthfulqa_bin_200/acc_stderr": 0.03345851702943581,
    "utility_winogrande_200/acc": 0.67,
    "utility_winogrande_200/acc_stderr": 0.03333249580187341
}