{
  "forget_qa_cos_sim": 0.09833233298933747,
  "holdout_qa_cos_sim": 0.9381849468378837
}