{
    "forget_qa_rouge": 0.030796903686796006,
    "holdout_qa_rouge": 0.9182652999750415
}