{
  "forget_qa_cos_sim": 0.5808781564730332,
  "holdout_qa_cos_sim": 0.992854387998581
}