{
  "forget_qa_cos_sim": 0.7058798978066543,
  "holdout_qa_cos_sim": 0.9978555324077606
}