{
    "utility_1k/": " ",
    "utility_arc_200/acc": 0.845,
    "utility_arc_200/acc_stderr": 0.025654742819715234,
    "utility_mmlu_pro_400/acc": 0.3875,
    "utility_mmlu_pro_400/acc_stderr": 0.02438947500927543,
    "utility_truthfulqa_bin_200/acc": 0.655,
    "utility_truthfulqa_bin_200/acc_stderr": 0.03369796379336736,
    "utility_winogrande_200/acc": 0.665,
    "utility_winogrande_200/acc_stderr": 0.033458517029435815
}