{
  "forget_qa_cos_sim": 0.46588581368927534,
  "holdout_qa_cos_sim": 0.9744738776636704
}