{
    "forget_qa_rouge": 0.13427316383203844,
    "holdout_qa_rouge": 0.9574871836800265
}