{
  "forget_qa_cos_sim": 0.4551238025581132,
  "holdout_qa_cos_sim": 0.9847034993767738
}