{
    "forget_qa_rouge": 0.15082987551867216,
    "holdout_qa_rouge": 0.9833333333333334
}