{
  "forget_qa_cos_sim": 0.7044172069343788,
  "holdout_qa_cos_sim": 0.6187107328623533
}