{
    "forget_qa_rouge": 0.840439142461964,
    "holdout_qa_rouge": 0.9408333333333333
}