{
  "forget_qa_cos_sim": 0.7691457056482921,
  "holdout_qa_cos_sim": 0.9880845864415169
}