{
    "forget_qa_rouge": 0.4269363762102351,
    "holdout_qa_rouge": 0.9788333333333333
}