{
  "forget_qa_cos_sim": 0.6230875197801249,
  "holdout_qa_cos_sim": 0.6952408393705255
}