{
    "forget_qa_rouge": 0.8036803804431453,
    "holdout_qa_rouge": 0.865174106873908
}