{
  "forget_qa_cos_sim": 0.9469557474695796,
  "holdout_qa_cos_sim": 0.9709563197493554
}