{
    "forget_qa_rouge": 0.9065352697095436,
    "holdout_qa_rouge": 0.9523333333333334
}