{
    "utility_1k/": " ",
    "utility_arc_200/acc": 0.79,
    "utility_arc_200/acc_stderr": 0.028873315391699354,
    "utility_mmlu_pro_400/acc": 0.345,
    "utility_mmlu_pro_400/acc_stderr": 0.023798180255192702,
    "utility_truthfulqa_bin_200/acc": 0.61,
    "utility_truthfulqa_bin_200/acc_stderr": 0.034575676232500116,
    "utility_winogrande_200/acc": 0.655,
    "utility_winogrande_200/acc_stderr": 0.03369796379336736
}