{
    "utility_1k/": " ",
    "utility_arc_200/acc": 0.855,
    "utility_arc_200/acc_stderr": 0.024959766620478337,
    "utility_mmlu_pro_400/acc": 0.3675,
    "utility_mmlu_pro_400/acc_stderr": 0.024136399679191737,
    "utility_truthfulqa_bin_200/acc": 0.72,
    "utility_truthfulqa_bin_200/acc_stderr": 0.03182868716477581,
    "utility_winogrande_200/acc": 0.7,
    "utility_winogrande_200/acc_stderr": 0.03248501780682213
}