{
  "forget_qa_cos_sim": 0.6898739846013641,
  "holdout_qa_cos_sim": 0.9652290184497834
}