{
    "forget_qa_rouge": 0.6066044260027662,
    "holdout_qa_rouge": 0.9531666666666667
}