{
  "forget_qa_cos_sim": 0.7461781733717541,
  "holdout_qa_cos_sim": 0.8945013319236255
}