{
    "forget_qa_rouge": 0.6260117675539698,
    "holdout_qa_rouge": 0.8423166627937999
}