{
  "forget_qa_cos_sim": 0.7314875149380616,
  "holdout_qa_cos_sim": 0.9863869338035584
}