{
  "forget_qa_cos_sim": 0.4431395822360894,
  "holdout_qa_cos_sim": 0.6832577401113836
}