{
    "forget_qa_rouge": 0.8751461170530292,
    "holdout_qa_rouge": 0.8871345519953869
}