{
  "forget_qa_cos_sim": 0.6166711763471375,
  "holdout_qa_cos_sim": 0.9580856873668137
}