{
    "forget_qa_rouge": 0.6522894678938445,
    "holdout_qa_rouge": 0.9489710366946946
}