{
  "forget_qa_cos_sim": 0.699010614754006,
  "holdout_qa_cos_sim": 0.596224741064012
}