{
    "forget_qa_rouge": 0.8465594744121714,
    "holdout_qa_rouge": 0.9423333333333332
}