{
  "forget_qa_cos_sim": 0.9414288339309426,
  "holdout_qa_cos_sim": 0.9571695991754532
}