{
    "forget_qa_rouge": 0.9382088520055325,
    "holdout_qa_rouge": 0.9478333333333333
}