{
  "forget_qa_cos_sim": 0.45757520876542757,
  "holdout_qa_cos_sim": 0.9985343567132949
}