{
  "forget_qa_cos_sim": 0.6981653786917446,
  "holdout_qa_cos_sim": 0.9918464874029159
}