{
  "forget_qa_cos_sim": 0.5786557950975983,
  "holdout_qa_cos_sim": 0.8840268836021423
}