{
    "forget_qa_rouge": 0.06742738589211618,
    "holdout_qa_rouge": 0.7916666666666667
}