{
  "forget_qa_cos_sim": 0.6515736490864593,
  "holdout_qa_cos_sim": 0.8779616606957535
}