{
    "forget_qa_rouge": 0.45307308183306794,
    "holdout_qa_rouge": 0.8038806124293202
}