{
  "forget_qa_cos_sim": 0.8851622109421184,
  "holdout_qa_cos_sim": 0.9730502656400204
}