{
  "forget_qa_cos_sim": 0.8378034431286373,
  "holdout_qa_cos_sim": 0.9208274869918823
}