{
  "forget_qa_cos_sim": 0.6288084705124505,
  "holdout_qa_cos_sim": 0.9873610452413559
}