{
    "forget_qa_rouge": 0.2711099585062241,
    "holdout_qa_rouge": 0.9833333333333333
}