{
    "utility_1k/": " ",
    "utility_arc_200/acc": 0.69,
    "utility_arc_200/acc_stderr": 0.032785276754349606,
    "utility_mmlu_pro_400/acc": 0.2575,
    "utility_mmlu_pro_400/acc_stderr": 0.021890233685985718,
    "utility_truthfulqa_bin_200/acc": 0.555,
    "utility_truthfulqa_bin_200/acc_stderr": 0.03522897106090459,
    "utility_winogrande_200/acc": 0.55,
    "utility_winogrande_200/acc_stderr": 0.03526639466921485
}