{
  "forget_qa_cos_sim": 0.7452187017147348,
  "holdout_qa_cos_sim": 0.9576303588151932
}