{
    "forget_qa_rouge": 0.5848893499308436,
    "holdout_qa_rouge": 0.9471666666666667
}