{
  "forget_qa_cos_sim": 0.6264039496098996,
  "holdout_qa_cos_sim": 0.9797998009324074
}