{
    "forget_qa_rouge": 0.23795816044260026,
    "holdout_qa_rouge": 0.9653333333333333
}