{
  "forget_qa_cos_sim": 0.6336800709088561,
  "holdout_qa_cos_sim": 0.9835628911852836
}