{
    "forget_qa_rouge": 0.8831431535269708,
    "holdout_qa_rouge": 0.9898333333333332
}