{
  "forget_qa_cos_sim": 0.09334701576842096,
  "holdout_qa_cos_sim": 0.09300625645555556
}