{
  "forget_qa_cos_sim": 0.37152581346410624,
  "holdout_qa_cos_sim": 0.9879892238229513
}