{
    "utility_1k/": " ",
    "utility_arc_200/acc": 0.74,
    "utility_arc_200/acc_stderr": 0.03109395714370026,
    "utility_mmlu_pro_400/acc": 0.2775,
    "utility_mmlu_pro_400/acc_stderr": 0.02241630213714464,
    "utility_truthfulqa_bin_200/acc": 0.62,
    "utility_truthfulqa_bin_200/acc_stderr": 0.0344081327303582,
    "utility_winogrande_200/acc": 0.615,
    "utility_winogrande_200/acc_stderr": 0.034493827282617
}