{
  "forget_qa_cos_sim": 0.6690668317231506,
  "holdout_qa_cos_sim": 0.862951006357232
}