{
    "forget_qa_rouge": 0.4890670461875741,
    "holdout_qa_rouge": 0.7806703788811145
}