{
  "forget_qa_cos_sim": 0.7846760980058384,
  "holdout_qa_cos_sim": 0.9659090667963028
}