{
    "forget_qa_rouge": 0.6705394190871369,
    "holdout_qa_rouge": 0.9428333333333334
}