{
  "forget_qa_cos_sim": 0.3856998266443548,
  "holdout_qa_cos_sim": 0.9792037257552146
}