{
  "forget_qa_cos_sim": 0.5481973710551097,
  "holdout_qa_cos_sim": 0.9292695331842531
}