{
    "forget_qa_rouge": 0.3527975006352915,
    "holdout_qa_rouge": 0.8942605549961414
}