{
    "utility_1k/": " ",
    "utility_arc_200/acc": 0.87,
    "utility_arc_200/acc_stderr": 0.023839918383725917,
    "utility_mmlu_pro_400/acc": 0.3575,
    "utility_mmlu_pro_400/acc_stderr": 0.023993198179843533,
    "utility_truthfulqa_bin_200/acc": 0.7,
    "utility_truthfulqa_bin_200/acc_stderr": 0.03248501780682212,
    "utility_winogrande_200/acc": 0.685,
    "utility_winogrande_200/acc_stderr": 0.03292865746446489
}