{
  "forget_qa_cos_sim": 0.9570301983861013,
  "holdout_qa_cos_sim": 0.9588909225463867
}