{
    "forget_qa_rouge": 0.8884854771784232,
    "holdout_qa_rouge": 0.9418333333333333
}