{
    "utility_1k/": " ",
    "utility_arc_200/acc": 0.83,
    "utility_arc_200/acc_stderr": 0.02662790314934043,
    "utility_mmlu_pro_400/acc": 0.385,
    "utility_mmlu_pro_400/acc_stderr": 0.024360235069300455,
    "utility_truthfulqa_bin_200/acc": 0.64,
    "utility_truthfulqa_bin_200/acc_stderr": 0.03402629784040015,
    "utility_winogrande_200/acc": 0.635,
    "utility_winogrande_200/acc_stderr": 0.034127679271557756
}