{
  "forget_qa_cos_sim": 0.7330496900432832,
  "holdout_qa_cos_sim": 0.9539412588179111
}