{
    "forget_qa_rouge": 0.37621023513139695,
    "holdout_qa_rouge": 0.9213333333333333
}