{
  "forget_qa_cos_sim": 0.7677028128622231,
  "holdout_qa_cos_sim": 0.9658701887726784
}