{
    "forget_qa_rouge": 0.8455394190871368,
    "holdout_qa_rouge": 0.9583333333333333
}