{
  "forget_qa_cos_sim": 0.6888317503266933,
  "holdout_qa_cos_sim": 0.9541882903575897
}