{
    "forget_qa_rouge": 0.32363416320885197,
    "holdout_qa_rouge": 0.9203333333333332
}