{
  "forget_qa_cos_sim": 0.7341832223200485,
  "holdout_qa_cos_sim": 0.8598976521004585
}