{
    "forget_qa_rouge": 0.7479078358637233,
    "holdout_qa_rouge": 0.8627955212448255
}