{
  "forget_qa_cos_sim": 0.9399004717709117,
  "holdout_qa_cos_sim": 0.9591821345388889
}