{
    "forget_qa_rouge": 0.8324688796680498,
    "holdout_qa_rouge": 0.9306666666666666
}