{
  "forget_qa_cos_sim": 0.618445959877362,
  "holdout_qa_cos_sim": 0.9876334564685821
}