{
    "forget_qa_rouge": 0.21776452282157674,
    "holdout_qa_rouge": 0.9756666666666668
}