{
  "forget_qa_cos_sim": 0.5706779909208107,
  "holdout_qa_cos_sim": 0.9906450263857841
}